0,0,0,1,1,2,3,3,2,4,4,4,5,5,6,6,7,8,9,7,8,10,10,11,12,12,13,13,11,9,14,14,15,15,6,15,16,16,16,11,17,0,0,0,0,1,1,1,1,2,2,2,3,3,3,4,4,4,5,5,5,6,6,7,7,8,8,9,9,10,10,11,11,12,12,13,13,14,14,15,15,0,1,2,3,4,5,6,7,8,9,10,11,12,13,14,15,16,17,18,19,20,21,22,23,24,25,26,27,28,29,30,31,32,33,34,0,0,0,0,0,1,1,1,1,2,2,2,2,2,3,3,3,3,3,1,4,4,4,4,4,5,5,5,5,6,6,6,6,6,5,7,7,7,7,7,0,1,2,3,4,5,6,7,8,9,10,11,12,13,14,15,16,17,0,5,10,15,1,6,11,16,2,7,12,17,3,8,13,4,9,14,0,1,2,3,4,5,6,7,8,9,10,11,12,13,14,15,16,17,18,19,20,21,22,22,21,20,19,18,17,16,15,14,13,12,11,0,0,0,0,1,1,1,2,2,2,3,3,4,4,5,5,6,6,7,8,9,10,11,12,13,14,15,16,17,18,19,20,21,22,23,0,0,0,1,2,3,1,4,4,5,6,7,5,8,8,9,10,11,9,12,12,13,14,15,13,16,16,17,18,19,17,20,20,21,22,23,0,0,1,2,3,4,5,6,3,7,8,4,9,10,11,9,12,13,14,15,16,17,15,18,19,20,18,21,22,23,24,25,26,24,27,28,29,27,30,31,0,0,0,0,1,1,2,2,2,3,3,2,4,4,4,5,5,6,6,6,7,7,6,8,8,8,9,9,10,10,10,11,11,10,12,12,12,13
2,0,0,1,1,2,3,2,0,3,4,4,5,5,4,5,6,7,8,8,7,9,9,10,11,6,11,10,1,12,12,13,13,14,14,9,14,15,15,14,16,0,0,0,0,1,1,1,1,2,2,2,3,3,3,4,4,4,5,5,5,6,6,7,7,8,8,9,9,10,10,11,11,12,12,13,13,14,14,15,15,0,1,2,3,4,5,6,7,8,9,10,11,12,13,14,15,16,17,18,19,20,21,22,23,24,25,26,27,28,29,30,31,32,33,34,0,0,0,0,0,1,1,1,1,2,2,1,2,2,2,3,3,3,3,3,4,4,4,4,4,5,5,5,5,6,5,6,6,6,6,7,7,7,7,7,0,1,2,3,4,5,6,7,8,9,10,11,12,13,14,15,16,17,1,6,2,7,12,11,17,3,8,4,9,13,16,14,0,5,10,15,0,1,2,3,4,5,6,7,8,9,10,11,12,13,14,15,16,17,18,19,20,21,22,21,20,19,18,17,16,15,14,13,12,11,10,0,0,0,0,1,1,1,2,2,2,3,3,4,4,5,5,6,6,7,8,9,10,11,12,13,14,15,16,17,18,19,20,21,22,23,0,0,0,1,2,3,2,1,4,5,6,7,6,5,4,8,9,10,9,8,11,12,13,14,13,12,11,15,16,17,16,15,18,19,20,21,0,0,1,2,3,4,5,6,3,7,8,4,9,10,11,9,12,13,14,15,16,17,12,18,19,20,18,21,22,23,15,24,25,21,26,27,28,26,29,30,0,0,0,0,1,1,2,2,2,3,3,3,2,4,4,5,5,4,6,6,6,7,4,7,7,8,8,9,8,9,10,10,11,9,10,11,12,12
3,0,0,1,1,2,3,3,2,4,4,4,5,5,6,6,7,8,9,8,7,10,10,11,12,12,13,13,11,9,14,14,15,15,6,15,16,16,16,11,17,0,0,0,0,1,1,1,1,2,2,2,3,3,3,4,4,4,5,5,5,6,6,7,7,8,8,9,9,10,10,11,11,12,12,13,13,14,14,15,15,0,1,2,3,4,5,6,7,8,9,10,11,12,13,14,15,16,17,18,19,20,21,22,23,24,25,26,27,28,29,30,31,32,33,34,0,0,0,0,0,1,1,1,1,2,2,2,2,2,3,3,3,3,3,1,4,4,4,4,4,5,5,5,5,6,6,6,6,6,5,7,7,7,7,7,0,1,2,3,4,5,6,7,8,9,10,11,12,13,14,15,16,17,0,5,10,15,6,1,11,12,7,17,2,16,13,8,3,14,9,4,0,1,2,3,4,5,6,7,8,9,10,11,12,13,14,15,16,17,18,19,20,21,22,22,21,20,19,18,17,16,15,14,13,12,11,0,0,0,0,1,1,1,2,2,2,3,3,4,4,5,5,6,6,7,8,9,10,11,12,13,14,15,16,17,18,19,20,21,22,23,0,0,0,1,2,3,1,4,4,5,6,7,5,8,8,9,10,11,9,12,12,13,14,15,13,16,16,17,18,19,17,20,20,21,22,23,0,0,1,2,3,4,5,6,3,7,8,4,9,10,11,9,12,13,14,15,16,17,15,18,19,20,18,21,22,23,24,25,26,24,27,28,29,27,30,31,0,0,0,0,1,1,2,2,2,3,3,2,4,4,4,5,5,6,6,6,7,7,6,8,8,8,9,9,10,10,10,11,11,10,12,12,12,13
4,0,0,1,1,2,3,3,2,4,4,4,5,5,6,6,7,8,9,7,8,10,10,11,12,12,13,13,11,9,14,14,15,15,6,15,16,16,16,11,17,0,0,0,0,1,1,1,1,2,2,2,3,3,3,4,4,4,5,5,5,6,6,7,7,8,8,9,9,10,10,11,11,12,12,13,13,14,14,15,15,0,1,2,3,4,5,6,7,8,9,10,11,12,13,14,15,16,17,18,19,20,21,22,23,24,25,26,27,28,29,30,31,32,33,34,0,0,0,0,0,1,1,1,1,2,2,2,2,2,3,3,3,3,3,1,4,4,4,4,4,5,5,5,5,6,6,6,6,6,5,7,7,7,7,7,0,1,2,3,4,5,6,7,8,9,10,11,12,13,14,15,16,17,5,10,15,0,16,6,1,11,7,12,2,17,13,8,3,14,9,4,0,1,2,3,4,5,6,7,8,9,10,11,12,13,14,15,16,17,18,19,20,21,22,22,21,20,19,18,17,16,15,14,13,12,11,0,0,0,0,1,1,1,2,2,2,3,3,4,4,5,5,6,6,7,8,9,10,11,12,13,14,15,16,17,18,19,20,21,22,23,0,0,0,1,2,3,1,4,4,5,6,7,5,8,8,9,10,11,9,12,12,13,14,15,13,16,16,17,18,19,17,20,20,21,22,23,0,0,1,2,3,4,5,6,3,7,8,4,9,10,11,9,12,13,14,15,16,17,15,18,19,20,18,21,22,23,24,25,26,24,27,28,29,27,30,31,0,0,0,0,1,1,2,2,2,3,3,2,4,4,4,5,5,6,6,6,7,7,6,8,8,8,9,9,10,10,10,11,11,10,12,12,12,13
5,0,0,1,1,2,3,0,2,3,4,4,5,5,4,5,6,7,8,8,7,9,9,10,11,6,11,10,1,12,12,13,13,14,14,9,14,15,15,14,16,0,0,0,0,1,1,1,1,2,2,2,3,3,3,4,4,4,5,5,5,6,6,7,7,8,8,9,9,10,10,11,11,12,12,13,13,14,14,15,15,0,1,2,3,4,5,6,7,8,9,10,11,12,13,14,15,16,17,18,19,20,21,22,23,24,25,26,27,28,29,30,31,32,33,34,0,0,0,0,0,1,1,1,1,2,2,1,2,2,2,3,3,3,3,3,4,4,4,4,4,5,5,5,5,6,5,6,6,6,6,7,7,7,7,7,0,1,2,3,4,5,6,7,8,9,10,11,12,13,14,15,16,17,4,9,14,3,8,13,2,7,12,17,1,6,11,16,0,5,10,15,0,1,2,3,4,5,6,7,8,9,10,11,12,13,14,15,16,17,18,19,20,21,22,21,20,19,18,17,16,15,14,13,12,11,10,0,0,0,0,1,1,1,2,2,2,3,3,4,4,5,5,6,6,7,8,9,10,11,12,13,14,15,16,17,18,19,20,21,22,23,0,0,0,1,2,3,2,1,4,5,6,7,6,5,4,8,9,10,9,8,11,12,13,14,13,12,11,15,16,17,16,15,18,19,20,21,0,0,1,2,3,4,5,6,3,7,8,4,9,10,11,9,12,13,14,15,16,17,12,18,19,20,18,21,22,23,15,24,25,21,26,27,28,26,29,30,0,0,0,0,1,1,2,2,2,3,3,3,2,4,4,5,5,4,6,6,6,7,4,7,7,8,8,9,8,9,10,10,11,9,10,11,12,12
7,0,0,1,1,2,3,0,2,3,4,4,5,4,5,4,6,7,8,6,7,9,8,10,11,9,11,10,1,12,12,13,13,14,14,14,14,15,15,15,16,0,0,0,0,1,1,1,1,2,2,2,3,3,3,4,4,4,5,5,5,6,6,7,7,8,8,9,9,10,10,11,11,12,12,13,13,14,14,15,15,0,1,2,3,4,5,6,7,8,9,10,11,12,13,14,15,16,17,18,19,20,21,22,23,24,25,26,27,28,29,30,31,32,33,34,0,0,0,0,0,1,1,1,1,2,2,1,2,2,2,3,3,3,3,3,4,4,4,4,4,5,5,5,5,6,5,6,6,6,6,7,7,7,7,7,0,1,2,3,4,5,6,7,8,9,10,11,12,13,14,15,16,17,0,1,2,3,4,5,6,7,0,8,9,10,11,12,13,14,15,16,0,1,2,3,4,5,6,7,8,9,10,11,12,13,14,15,16,17,18,19,20,21,22,21,20,19,18,17,16,15,14,13,12,11,10,0,0,0,0,1,1,1,2,2,2,3,3,4,4,5,5,6,6,7,8,9,10,11,12,13,14,15,16,17,18,19,20,21,22,23,0,0,0,1,2,3,1,4,4,5,6,7,1,5,8,9,10,11,2,8,12,13,14,15,4,9,12,16,17,18,6,13,19,20,21,22,0,0,1,2,3,4,5,6,3,7,8,4,9,10,11,9,12,13,14,15,16,17,12,18,19,20,15,21,22,23,24,25,26,18,27,28,29,24,30,31,0,0,0,0,1,1,2,2,2,3,3,2,4,4,4,5,5,6,6,6,7,7,3,6,8,8,9,9,8,10,10,10,11,7,11,11,12,12
8,0,0,1,1,2,3,0,2,3,4,4,5,5,4,5,6,7,8,7,8,9,6,10,11,10,11,9,1,12,12,13,13,6,14,14,14,14,15,15,16,0,0,0,0,1,1,1,1,2,2,2,3,3,3,4,4,4,5,5,5,6,6,7,7,8,8,9,9,10,10,11,11,12,12,13,13,14,14,15,15,0,1,2,3,4,5,6,7,8,9,10,11,12,13,14,15,16,17,18,19,20,21,22,23,24,25,26,27,28,29,30,31,32,33,34,0,0,0,0,0,1,1,1,1,2,2,1,2,2,2,3,3,3,3,3,4,4,4,4,4,5,5,5,5,6,6,6,6,5,6,7,7,7,7,7,0,1,2,3,4,5,6,7,8,9,10,11,12,13,14,15,16,17,2,7,12,17,3,8,13,1,0,6,11,16,4,9,14,5,0,10,0,1,2,3,4,5,6,7,8,9,10,11,12,13,14,15,16,17,18,19,20,21,22,21,22,19,20,17,18,15,16,13,14,12,11,0,0,0,0,1,1,1,2,2,2,3,3,4,4,5,5,6,6,7,8,9,10,11,12,13,14,15,16,17,18,19,20,21,22,23,0,0,0,1,2,3,1,4,4,5,6,7,1,5,8,9,10,11,4,9,8,12,13,14,12,15,15,16,17,18,12,16,19,20,21,22,0,0,1,2,3,4,5,6,3,7,8,4,9,10,11,9,12,13,14,15,16,17,12,18,19,20,18,21,22,23,15,24,25,21,26,27,28,26,29,30,0,0,0,0,1,1,2,2,2,3,3,3,2,4,4,5,5,4,6,6,6,7,7,7,8,8,9,9,8,10,10,10,11,7,11,11,12,12
10,0,0,1,1,2,3,3,2,4,4,4,5,5,6,6,7,8,9,8,7,10,9,11,12,11,12,10,5,13,13,14,14,6,15,15,15,15,16,16,17,0,0,0,0,1,1,1,1,2,2,2,3,3,3,4,4,4,5,5,5,6,6,7,7,8,8,9,9,10,10,11,11,12,12,13,13,14,14,15,15,0,1,2,3,4,5,6,7,8,9,10,11,12,13,14,15,16,17,18,19,20,21,22,23,24,25,26,27,28,29,30,31,32,33,34,0,0,0,0,0,1,1,1,1,2,2,2,2,2,3,3,3,3,3,1,4,4,4,4,4,5,5,5,5,6,6,6,6,6,5,7,7,7,7,7,0,1,2,3,4,5,6,7,8,9,10,11,12,13,14,15,16,17,5,15,2,10,7,12,17,0,4,9,14,6,16,8,11,13,3,1,0,1,2,3,4,5,6,7,8,9,10,11,12,13,14,15,16,17,18,19,20,21,22,22,20,21,18,19,16,17,14,15,12,13,10,0,0,0,0,1,1,1,2,2,2,3,3,4,4,5,5,6,6,7,8,9,10,11,12,13,14,15,16,17,18,19,20,21,22,23,0,0,0,1,2,3,1,4,4,5,6,7,5,8,8,9,10,11,9,12,12,13,14,15,13,16,16,17,18,19,17,20,20,21,22,23,0,0,1,2,3,4,5,6,3,7,8,4,9,10,11,9,12,13,14,15,16,17,15,18,19,20,18,21,22,23,24,25,26,24,27,28,29,27,30,31,0,0,0,0,1,1,2,2,2,3,3,2,4,4,4,5,5,6,6,6,7,7,6,8,8,8,9,9,10,10,10,11,11,10,12,12,12,13
11,0,0,1,1,2,3,3,2,4,4,4,5,5,6,6,7,8,9,8,7,10,10,11,12,12,13,13,11,9,14,14,15,15,15,6,16,16,16,11,17,0,0,0,0,1,1,1,1,2,2,2,3,3,3,4,4,4,5,5,5,6,6,7,7,8,8,9,9,10,10,11,11,12,12,13,13,14,14,15,15,0,1,2,3,4,5,6,7,8,9,10,11,12,13,14,15,16,17,18,19,20,21,22,23,24,25,26,27,28,29,30,31,32,33,34,0,0,0,0,0,1,1,1,1,2,2,2,2,2,3,3,3,3,3,1,4,4,4,4,4,5,5,5,5,6,6,6,6,6,5,7,7,7,7,7,0,1,2,3,4,5,6,7,8,9,10,11,12,13,14,15,16,17,4,5,6,7,8,9,10,11,12,13,14,15,16,17,3,2,1,0,0,1,2,3,4,5,6,7,8,9,10,11,12,13,14,15,16,17,18,19,20,21,22,22,21,20,19,18,17,16,15,14,13,12,11,0,0,0,0,1,1,1,2,2,2,3,3,4,4,5,5,6,6,7,8,9,10,11,12,13,14,15,16,17,18,19,20,21,22,23,0,0,0,1,2,3,1,4,4,5,6,7,5,8,8,9,10,11,9,12,12,13,14,15,13,16,16,17,18,19,17,20,20,21,22,23,0,0,1,2,3,4,5,6,3,7,8,4,9,10,11,9,12,13,14,15,16,17,15,18,19,20,18,21,22,23,24,25,26,24,27,28,29,27,30,31,0,0,0,0,1,1,2,2,2,3,3,2,4,4,4,5,5,6,6,6,7,7,6,8,8,8,9,9,10,10,10,11,11,10,12,12,12,13
12,0,0,1,1,2,3,0,3,2,4,4,5,4,5,4,6,7,8,6,7,9,9,10,11,8,11,10,1,12,12,13,13,14,14,14,14,9,15,15,16,0,0,0,0,1,1,1,1,2,2,2,3,3,3,4,4,4,5,5,5,6,6,7,7,8,8,9,9,10,10,11,11,12,12,13,13,14,14,15,15,0,1,2,3,4,5,6,7,8,9,10,11,12,13,14,15,16,17,18,19,20,21,22,23,24,25,26,27,28,29,30,31,32,33,34,0,0,0,0,0,1,1,1,1,2,2,2,2,2,3,3,3,3,3,1,4,4,4,4,4,5,5,5,5,6,6,6,6,6,5,7,7,7,7,7,0,1,2,3,4,5,6,7,8,9,10,11,12,13,14,15,16,17,0,5,10,15,1,6,11,16,2,7,12,17,3,8,13,4,9,14,0,1,2,3,4,5,6,7,8,9,10,11,12,13,14,15,16,17,18,19,20,21,22,22,21,20,19,18,17,16,15,14,13,12,11,0,0,0,0,1,1,1,2,2,2,3,3,4,4,5,5,6,6,7,8,9,10,11,12,13,14,15,16,17,18,19,20,21,22,23,0,0,0,1,2,3,1,4,4,5,6,7,5,8,8,9,10,11,9,12,12,13,14,15,13,16,16,17,18,19,17,20,20,21,22,23,0,0,1,2,3,4,5,6,3,7,8,4,9,10,11,9,12,13,14,15,16,17,15,18,19,20,18,21,22,23,24,25,26,24,27,28,29,27,30,31,0,0,0,0,1,1,2,2,2,3,3,3,2,4,4,5,5,4,6,6,6,7,7,7,8,8,9,9,8,10,10,10,11,11,11,12,12,13
13,0,0,1,1,2,3,0,2,3,4,4,5,4,5,4,6,7,8,8,7,9,9,10,11,6,11,10,1,12,12,13,13,14,14,9,14,15,15,14,16,0,0,0,0,1,1,1,1,2,2,2,3,3,3,4,4,4,5,5,5,6,6,7,7,8,8,9,9,10,10,11,11,12,12,13,13,14,14,15,15,0,1,2,3,4,5,6,7,8,9,10,11,12,13,14,15,16,17,18,19,20,21,22,23,24,25,26,27,28,29,30,31,32,33,34,0,0,0,0,0,1,1,1,1,2,2,1,2,2,2,3,3,3,3,3,4,4,4,4,4,5,5,5,5,6,5,6,6,6,6,7,7,7,7,7,0,1,2,3,4,5,6,7,8,9,10,11,12,13,14,15,16,17,4,9,14,3,8,13,2,7,12,17,1,6,11,16,0,5,10,15,0,1,2,3,4,5,6,7,8,9,10,11,12,13,14,15,16,17,18,19,20,21,22,21,20,19,18,17,16,15,14,13,12,11,10,0,0,0,0,1,1,1,2,2,2,3,3,4,4,5,5,6,6,7,8,9,10,11,12,13,14,15,16,17,18,19,20,21,22,23,0,0,0,1,2,3,2,1,4,5,6,7,6,5,4,8,9,10,9,8,11,12,13,14,13,12,11,15,16,17,16,15,18,19,20,21,0,0,1,2,3,4,5,6,3,7,8,4,9,10,11,9,12,13,14,15,16,17,12,18,19,20,18,21,22,23,15,24,25,21,26,27,28,26,29,30,0,0,0,0,1,1,2,2,2,3,3,3,2,4,4,5,5,4,6,6,6,7,4,7,7,8,8,9,8,9,10,10,11,9,10,11,12,12
14,0,0,1,1,2,3,3,2,4,4,4,5,5,6,6,7,8,9,7,8,10,10,11,12,12,13,13,11,9,14,14,15,15,6,15,16,16,16,11,17,0,0,0,0,1,1,1,1,2,2,2,3,3,3,4,4,4,5,5,5,6,6,7,7,8,8,9,9,10,10,11,11,12,12,13,13,14,14,15,15,0,1,2,3,4,5,6,7,8,9,10,11,12,13,14,15,16,17,18,19,20,21,22,23,24,25,26,27,28,29,30,31,32,33,34,0,0,0,0,0,1,1,1,1,2,2,2,2,2,3,3,3,3,3,1,4,4,4,4,4,5,5,5,5,6,6,6,6,6,5,7,7,7,7,7,0,1,2,3,4,5,6,7,8,9,10,11,12,13,14,15,16,17,0,5,10,15,1,6,11,16,2,7,12,17,3,8,13,4,9,14,0,1,2,3,4,5,6,7,8,9,10,11,12,13,14,15,16,17,18,19,20,21,22,22,21,20,19,18,17,16,15,14,13,12,11,0,0,0,0,1,1,1,2,2,2,3,3,4,4,5,5,6,6,7,8,9,10,11,12,13,14,15,16,17,18,19,20,21,22,23,0,0,0,1,2,3,1,4,4,5,6,7,5,8,8,9,10,11,9,12,12,13,14,15,13,16,16,17,18,19,17,20,20,21,22,23,0,0,1,2,3,4,5,6,3,7,8,4,9,10,11,9,12,13,14,15,16,17,12,18,19,20,18,21,22,23,15,24,25,21,26,27,28,26,29,30,0,0,0,0,1,1,2,2,2,3,3,2,4,4,4,5,5,6,6,6,7,7,6,8,8,8,9,9,10,10,10,11,11,10,12,12,12,13
16,0,0,1,1,2,3,3,2,4,4,4,5,5,6,6,7,8,9,8,7,10,10,11,12,12,13,13,11,9,14,14,15,15,6,15,16,16,16,11,17,0,0,0,0,1,1,1,1,2,2,2,3,3,3,4,4,4,5,5,5,6,6,7,7,8,8,9,9,10,10,11,11,12,12,13,13,14,14,15,15,0,1,2,3,4,5,6,7,8,9,10,11,12,13,14,15,16,17,18,19,20,21,22,23,24,25,26,27,28,29,30,31,32,33,34,0,0,0,0,0,1,1,1,1,2,2,2,2,2,3,3,3,3,3,1,4,4,4,4,4,5,5,5,5,6,6,6,6,6,5,7,7,7,7,7,0,1,2,3,4,5,6,7,8,9,10,11,12,13,14,15,16,17,6,0,5,15,1,10,11,2,16,7,12,17,3,4,8,9,13,14,0,1,2,3,4,5,6,7,8,9,10,11,12,13,14,15,16,17,18,19,20,21,22,21,22,19,20,18,17,16,15,14,13,12,11,0,0,0,0,1,1,1,2,2,2,3,3,4,4,5,5,6,6,7,8,9,10,11,12,13,14,15,16,17,18,19,20,21,22,23,0,0,0,1,2,3,1,4,4,5,6,7,5,8,8,9,10,11,9,12,12,13,14,15,13,16,16,17,18,19,17,20,20,21,22,23,0,0,1,2,3,4,5,6,3,7,8,4,9,10,11,9,12,13,14,15,16,17,12,18,19,20,15,21,22,23,24,25,26,24,27,28,29,18,30,31,0,0,0,0,1,1,2,2,2,3,3,2,4,4,4,5,5,6,6,6,7,7,6,8,8,8,9,9,10,10,10,11,11,10,12,12,12,13
17,0,0,1,1,2,3,3,2,4,4,4,5,5,6,6,7,8,9,7,8,10,10,11,12,12,13,13,11,9,14,14,15,15,11,6,15,5,16,16,17,0,0,0,0,1,1,1,1,2,2,2,3,3,3,4,4,4,5,5,5,6,6,7,7,8,8,9,9,10,10,11,11,12,12,13,13,14,14,15,15,0,1,2,3,4,5,6,7,8,9,10,11,12,13,14,15,16,17,18,19,20,21,22,23,24,25,26,27,28,29,30,31,32,33,34,0,0,0,0,0,1,1,1,1,2,2,2,2,2,3,3,3,3,3,1,4,4,4,4,4,5,5,5,5,6,6,6,6,6,5,7,7,7,7,7,0,1,2,3,4,5,6,7,8,9,10,11,12,13,14,15,16,17,0,5,10,15,1,6,11,16,2,7,12,17,3,8,13,4,9,14,0,1,2,3,4,5,6,7,8,9,10,11,12,13,14,15,16,17,18,19,20,21,22,22,21,20,19,18,17,16,15,14,12,13,10,0,0,0,0,1,1,1,2,2,2,3,3,4,4,5,5,6,6,7,8,9,10,11,12,13,14,15,16,17,18,19,20,21,22,23,0,0,0,1,2,3,1,4,4,5,6,7,5,8,8,9,10,11,9,12,12,13,14,15,13,16,16,17,18,19,17,20,20,21,22,23,0,0,1,2,3,4,5,6,3,7,8,4,9,10,11,9,12,13,14,15,16,17,15,18,19,20,18,21,22,23,24,25,26,24,27,28,29,27,30,31,0,0,0,0,1,1,2,2,2,3,3,2,4,4,4,5,5,6,6,6,7,7,6,8,8,8,9,9,10,10,10,11,11,10,12,12,12,13
18,0,0,1,1,2,3,3,2,4,4,4,5,5,6,6,7,8,9,7,8,10,10,11,12,12,13,13,11,9,14,14,15,15,6,15,16,16,16,11,17,0,0,0,0,1,1,1,1,2,2,2,3,3,3,4,4,4,5,5,5,6,6,7,7,8,8,9,9,10,10,11,11,12,12,13,13,14,14,15,15,0,1,2,3,4,5,6,7,8,9,10,11,12,13,14,15,16,17,18,19,20,21,22,23,24,25,26,27,28,29,30,31,32,33,34,0,0,0,0,0,1,1,1,1,2,2,2,2,2,3,3,3,3,3,1,4,4,4,4,4,5,5,5,5,6,6,6,6,6,5,7,7,7,7,7,0,1,2,3,4,5,6,7,8,9,10,11,12,13,14,15,16,17,3,8,2,1,0,5,10,15,13,7,12,6,11,16,17,4,9,14,0,1,2,3,4,5,6,7,8,9,10,11,12,13,14,15,16,17,18,19,20,21,22,22,20,21,19,18,17,16,15,14,13,12,11,0,0,0,0,1,1,1,2,2,2,3,3,4,4,5,5,6,6,7,8,9,10,11,12,13,14,15,16,17,18,19,20,21,22,23,0,0,0,1,2,3,1,4,4,5,6,7,5,8,8,9,10,11,9,12,12,13,14,15,13,16,16,17,18,19,17,20,20,21,22,23,0,0,1,2,3,4,5,6,3,7,8,4,9,10,11,9,12,13,14,15,16,17,12,18,19,20,18,21,22,23,15,24,25,21,26,27,28,26,29,30,0,0,0,0,1,1,2,2,2,3,3,2,4,4,4,5,5,6,6,6,7,7,6,8,8,8,9,9,10,10,10,11,11,10,12,12,12,13
20,0,0,1,1,2,3,3,2,4,4,4,5,5,6,6,7,8,9,7,8,10,10,11,12,12,13,13,11,9,14,14,15,15,6,5,15,11,16,16,17,0,0,0,0,1,1,1,1,2,2,2,3,3,3,4,4,4,5,5,5,6,6,7,7,8,8,9,9,10,10,11,11,12,12,13,13,14,14,15,15,0,1,2,3,4,5,6,7,8,9,10,11,12,13,14,15,16,17,18,19,20,21,22,23,24,25,26,27,28,29,30,31,32,33,34,0,0,0,0,0,1,1,1,1,2,2,2,2,2,3,3,3,3,3,1,4,4,4,4,4,5,5,5,5,6,6,6,6,6,5,7,7,7,7,7,0,1,2,3,4,5,6,7,8,9,10,11,12,13,14,15,16,17,15,1,16,17,10,2,11,12,13,5,3,6,7,8,0,14,9,4,0,1,2,3,4,5,6,7,8,9,10,11,12,13,14,15,16,17,18,19,20,21,22,22,21,20,19,18,17,16,15,14,13,12,11,0,0,0,0,1,1,1,2,2,2,3,3,4,4,5,5,6,6,7,8,9,10,11,12,13,14,15,16,17,18,19,20,21,22,23,0,0,0,1,2,3,1,4,4,5,6,7,5,8,8,9,10,11,9,12,12,13,14,15,13,16,16,17,18,19,17,20,20,21,22,23,0,0,1,2,3,4,5,6,3,7,8,4,9,10,11,9,12,13,14,15,16,17,15,18,19,20,18,21,22,23,24,25,26,24,27,28,29,27,30,31,0,0,0,0,1,1,2,2,2,3,3,2,4,4,4,5,5,6,6,6,7,7,6,8,8,8,9,9,10,10,10,11,11,10,12,12,12,13
21,0,0,1,1,2,3,2,3,4,4,4,5,5,6,6,7,8,9,7,8,10,10,11,12,12,13,13,11,9,14,14,15,15,6,15,16,16,16,5,17,0,0,0,0,1,1,1,1,2,2,2,3,3,3,4,4,4,5,5,5,6,6,7,7,8,8,9,9,10,10,11,11,12,12,13,13,14,14,15,15,0,1,2,3,4,5,6,7,8,9,10,11,12,13,14,15,16,17,18,19,20,21,22,23,24,25,26,27,28,29,30,31,32,33,34,0,0,0,0,0,1,1,1,1,2,2,2,2,2,3,3,3,3,3,1,4,4,4,4,4,5,5,5,5,6,6,6,6,6,5,7,7,7,7,7,0,1,2,3,4,5,6,7,8,9,10,11,12,13,14,15,16,17,10,5,6,11,15,7,0,12,8,2,13,1,16,3,9,4,14,17,0,1,2,3,4,5,6,7,8,9,10,11,12,13,14,15,16,17,18,19,20,21,22,22,21,20,19,18,17,16,15,14,13,12,11,0,0,0,0,1,1,1,2,2,2,3,3,4,4,5,5,6,6,7,8,9,10,11,12,13,14,15,16,17,18,19,20,21,22,23,0,0,0,1,2,3,1,4,4,5,6,7,5,8,8,9,10,11,9,12,12,13,14,15,13,16,16,17,18,19,17,20,20,21,22,23,0,0,1,2,3,4,5,6,3,7,8,4,9,10,11,9,12,13,14,15,16,17,15,18,19,20,18,21,22,23,24,25,26,24,27,28,29,27,30,31,0,0,0,0,1,1,2,2,2,3,3,2,4,4,4,5,5,6,6,6,7,7,6,8,8,8,9,9,10,10,10,11,11,10,12,12,12,13
22,0,0,1,1,2,3,0,2,3,4,4,5,4,5,4,6,7,8,8,6,9,9,10,11,7,11,10,1,12,12,13,13,14,14,6,14,9,15,14,15,0,0,0,0,1,1,1,1,2,2,2,3,3,3,4,4,4,5,5,5,6,6,7,7,8,8,9,9,10,10,11,11,12,12,13,13,14,14,15,15,0,1,2,3,4,5,6,7,8,9,10,11,12,13,14,15,16,17,18,19,20,21,22,23,24,25,26,27,28,29,30,31,32,33,34,0,0,0,0,0,1,1,1,1,2,2,1,2,2,2,3,3,3,3,3,4,4,4,4,4,5,5,5,5,6,5,6,6,6,6,7,7,7,7,7,0,1,2,3,4,5,6,7,8,9,10,11,12,13,14,15,16,17,0,5,10,4,9,14,3,8,0,15,1,6,13,2,7,12,11,16,0,1,2,3,4,5,6,7,8,9,10,11,12,13,14,15,16,17,18,19,20,21,22,21,20,19,18,17,16,15,14,13,12,11,10,0,0,0,0,1,1,1,2,2,2,3,3,4,4,5,5,6,6,7,8,9,10,11,12,13,14,15,16,17,18,19,20,21,22,23,0,0,0,1,2,3,2,1,4,5,6,7,6,5,4,8,9,10,9,8,11,12,13,14,13,12,11,15,16,17,16,15,18,19,20,21,0,0,1,2,3,4,5,6,3,7,8,4,9,10,11,9,12,13,14,15,16,17,12,18,19,20,18,21,22,23,15,24,25,21,26,27,28,26,29,30,0,0,0,0,1,1,2,2,2,3,3,3,2,4,4,5,5,4,6,6,6,7,4,7,7,8,8,9,8,9,10,10,11,9,10,11,12,12
23,0,0,1,1,2,3,0,3,2,4,4,5,4,5,4,6,7,8,6,7,9,9,10,11,8,11,10,3,12,12,13,13,14,14,9,14,15,15,14,16,0,0,0,0,1,1,1,1,2,2,2,3,3,3,4,4,4,5,5,5,6,6,7,7,8,8,9,9,10,10,11,11,12,12,13,13,14,14,15,15,0,1,2,3,4,5,6,7,8,9,10,11,12,13,14,15,16,17,18,19,20,21,22,23,24,25,26,27,28,29,30,31,32,33,34,0,0,0,0,0,1,1,1,1,2,2,1,2,2,2,3,3,3,3,3,4,4,4,4,4,5,5,5,5,6,5,6,6,6,6,7,7,7,7,7,0,1,2,3,4,5,6,7,8,9,10,11,12,13,14,15,16,17,16,0,5,10,15,6,1,11,8,17,2,12,13,7,3,4,9,14,0,1,2,3,4,5,6,7,8,9,10,11,12,13,14,15,16,17,18,19,20,21,22,21,20,19,18,17,16,15,14,13,12,11,10,0,0,0,0,1,1,1,2,2,2,3,3,4,4,5,5,6,6,7,8,9,10,11,12,13,14,15,16,17,18,19,20,21,22,23,0,0,0,1,2,3,1,4,4,5,6,7,1,5,8,9,10,11,4,9,8,12,13,14,12,15,15,16,17,18,12,16,19,20,21,22,0,0,1,2,3,4,5,6,3,7,8,4,9,10,11,9,12,13,14,15,16,17,12,18,19,20,18,21,22,23,15,24,25,21,26,27,28,26,29,30,0,0,0,0,1,1,2,2,2,3,3,3,2,4,4,5,5,4,6,6,6,7,4,7,7,8,8,9,8,9,10,10,11,10,9,11,12,12
27,0,0,1,1,2,3,0,2,3,4,4,5,5,4,5,6,7,8,8,7,9,9,10,11,6,11,10,1,12,12,13,13,14,14,9,14,15,15,14,16,0,0,0,0,1,1,1,1,2,2,2,3,3,3,4,4,4,5,5,5,6,6,7,7,8,8,9,9,10,10,11,11,12,12,13,13,14,14,15,15,0,1,2,3,4,5,6,7,8,9,10,11,12,13,14,15,16,17,18,19,20,21,22,23,24,25,26,27,28,29,30,31,32,33,34,0,0,0,0,0,1,1,1,1,2,2,1,2,2,2,3,3,3,3,3,4,4,4,4,4,5,5,5,5,6,5,6,6,6,6,7,7,7,7,7,0,1,2,3,4,5,6,7,8,9,10,11,12,13,14,15,16,17,4,9,14,3,8,13,2,7,12,17,1,6,11,16,0,5,10,15,0,1,2,3,4,5,6,7,8,9,10,11,12,13,14,15,16,17,18,19,20,21,22,21,20,19,18,17,16,15,14,13,12,11,10,0,0,0,0,1,1,1,2,2,2,3,3,4,4,5,5,6,6,7,8,9,10,11,12,13,14,15,16,17,18,19,20,21,22,23,0,0,0,1,2,3,2,1,4,5,6,7,6,5,4,8,9,10,9,8,11,12,13,14,13,12,11,15,16,17,16,15,18,19,20,21,0,0,1,2,3,4,5,6,3,7,8,4,9,10,11,9,12,13,14,15,16,17,15,18,19,20,18,21,22,23,24,25,26,24,27,28,29,27,30,31,0,0,0,0,1,1,2,2,2,3,3,3,2,4,4,5,5,4,6,6,6,7,4,7,7,8,8,9,8,9,10,10,11,9,10,11,12,12
35,0,0,1,1,2,3,3,2,4,4,4,5,5,6,6,7,8,9,8,7,10,10,11,12,12,13,13,11,9,14,14,15,15,6,15,16,16,16,11,17,0,0,0,0,1,1,1,1,2,2,2,3,3,3,4,4,4,5,5,5,6,6,7,7,8,8,9,9,10,10,11,11,12,12,13,13,14,14,15,15,0,1,2,3,4,5,6,7,8,9,10,11,12,13,14,15,16,17,18,19,20,21,22,23,24,25,26,27,28,29,30,31,32,33,34,0,0,0,0,0,1,1,1,1,2,2,2,2,2,3,3,3,3,3,1,4,4,4,4,4,5,5,5,5,6,6,6,6,5,6,7,7,7,7,7,0,1,2,3,4,5,6,7,8,9,10,11,12,13,14,15,16,17,0,5,10,15,1,2,6,7,12,11,16,17,3,4,8,9,14,13,0,1,2,3,4,5,6,7,8,9,10,11,12,13,14,15,16,17,18,19,20,21,22,21,22,20,19,18,17,16,15,14,13,12,11,0,0,0,0,1,1,1,2,2,2,3,3,4,4,5,5,6,6,7,8,9,10,11,12,13,14,15,16,17,18,19,20,21,22,23,0,0,0,1,2,3,1,4,4,5,6,7,5,8,8,9,10,11,9,12,12,13,14,15,13,16,16,17,18,19,17,20,20,21,22,23,0,0,1,2,3,4,5,6,3,7,8,4,9,10,11,9,12,13,14,15,16,17,12,18,19,20,15,21,22,23,24,25,26,24,27,28,29,18,30,31,0,0,0,0,1,1,2,2,2,3,3,2,4,4,4,5,5,6,6,6,7,7,6,8,8,8,9,9,10,10,10,11,11,10,12,12,12,13
37,0,0,1,1,2,3,3,2,4,4,4,5,5,6,6,7,8,9,7,8,10,10,11,12,12,13,13,11,9,14,14,15,15,11,6,15,5,16,16,17,0,0,0,0,1,1,1,1,2,2,2,3,3,3,4,4,4,5,5,5,6,6,7,7,8,8,9,9,10,10,11,11,12,12,13,13,14,14,15,15,0,1,2,3,4,5,6,7,8,9,10,11,12,13,14,15,16,17,18,19,20,21,22,23,24,25,26,27,28,29,30,31,32,33,34,0,0,0,0,0,1,1,1,1,2,2,2,2,2,3,3,3,3,3,1,4,4,4,4,4,5,5,5,5,6,6,6,6,6,5,7,7,7,7,7,0,1,2,3,4,5,6,7,8,9,10,11,12,13,14,15,16,17,0,5,10,15,1,6,11,16,2,7,12,17,3,8,13,4,9,14,0,1,2,3,4,5,6,7,8,9,10,11,12,13,14,15,16,17,18,19,20,21,22,22,21,20,19,18,17,16,15,14,12,11,13,0,0,0,0,1,1,1,2,2,2,3,3,4,4,5,5,6,6,7,8,9,10,11,12,13,14,15,16,17,18,19,20,21,22,23,0,0,0,1,2,3,1,4,4,5,6,7,5,8,8,9,10,11,9,12,12,13,14,15,13,16,16,17,18,19,17,20,20,21,22,23,0,0,1,2,3,4,5,6,3,7,8,4,9,10,11,9,12,13,14,15,16,17,15,18,19,20,18,21,22,23,24,25,26,24,27,28,29,27,30,31,0,0,0,0,1,1,2,2,2,3,3,2,4,4,4,5,5,6,6,6,7,7,6,8,8,8,9,9,10,10,10,11,11,10,12,12,12,13
38,0,0,1,1,2,3,0,3,2,4,4,5,4,5,4,6,7,8,8,6,9,7,10,11,9,11,10,1,12,12,13,13,14,14,6,14,7,15,14,15,0,0,0,0,1,1,1,1,2,2,2,3,3,3,4,4,4,5,5,5,6,6,7,7,8,8,9,9,10,10,11,11,12,12,13,13,14,14,15,15,0,1,2,3,4,5,6,7,8,9,10,11,12,13,14,15,16,17,18,19,20,21,22,23,24,25,26,27,28,29,30,31,32,33,34,0,0,0,0,0,1,1,1,1,2,2,1,2,2,2,3,3,3,3,3,4,4,4,4,4,5,5,5,5,6,5,6,6,6,6,7,7,7,7,7,0,1,2,3,4,5,6,7,8,9,10,11,12,13,14,15,16,17,0,5,10,15,1,2,16,6,0,11,17,12,7,3,4,8,9,13,0,1,2,3,4,5,6,7,8,9,10,11,12,13,14,15,16,17,18,19,20,21,22,21,20,19,18,17,16,15,14,13,12,11,10,0,0,0,0,1,1,1,2,2,2,3,3,4,4,5,5,6,6,7,8,9,10,11,12,13,14,15,16,17,18,19,20,21,22,23,0,0,0,1,2,3,2,1,4,5,6,7,4,4,8,9,10,11,8,8,12,13,14,15,12,12,16,17,18,19,16,16,20,21,22,23,0,0,1,2,3,4,5,6,3,7,8,4,9,10,11,9,12,13,14,15,16,17,12,18,19,20,15,21,22,23,24,25,26,18,27,28,29,24,30,31,0,0,0,0,1,1,2,2,2,3,3,3,2,4,4,5,5,4,6,6,6,7,4,7,7,8,8,9,8,9,10,10,11,11,9,11,12,12
39,0,0,1,1,2,3,0,2,3,4,4,5,4,5,4,6,7,8,8,6,9,7,10,11,9,11,10,1,12,12,13,13,14,14,14,14,7,15,15,16,0,0,0,0,1,1,1,1,2,2,2,3,3,3,4,4,4,5,5,5,6,6,7,7,8,8,9,9,10,10,11,11,12,12,13,13,14,14,15,15,0,1,2,3,4,5,6,7,8,9,10,11,12,13,14,15,16,17,18,19,20,21,22,23,24,25,26,27,28,29,30,31,32,33,34,0,0,0,0,0,1,1,1,1,2,2,1,2,2,2,3,3,3,3,3,4,4,4,4,4,5,5,5,5,6,5,6,6,6,6,7,7,7,7,7,0,1,2,3,4,5,6,7,8,9,10,11,12,13,14,15,16,17,0,1,5,9,2,14,3,16,0,10,15,4,17,11,12,13,6,7,0,1,2,3,4,5,6,7,8,9,10,11,12,13,14,15,16,17,18,19,20,21,22,21,20,19,18,17,16,15,14,13,12,11,10,0,0,0,0,1,1,1,2,2,2,3,3,4,4,5,5,6,6,7,8,9,10,11,12,13,14,15,16,17,18,19,20,21,22,23,0,0,0,1,2,3,1,4,4,5,6,7,1,5,8,9,10,11,8,8,12,13,14,15,12,12,16,17,18,19,16,16,20,21,22,23,0,0,1,2,3,4,5,6,3,7,8,4,9,10,11,9,12,13,14,15,16,17,12,18,19,20,15,21,22,23,24,25,26,18,27,28,29,24,30,31,0,0,0,0,1,1,2,2,2,3,3,3,2,4,4,5,5,4,6,6,6,7,7,7,8,8,9,9,8,10,10,10,11,11,11,12,12,13
40,0,0,1,1,2,3,0,2,3,4,4,5,4,5,4,6,7,8,8,6,9,7,10,11,9,11,10,1,12,12,13,13,14,14,7,14,15,15,14,16,0,0,0,0,1,1,1,1,2,2,2,3,3,3,4,4,4,5,5,5,6,6,7,7,8,8,9,9,10,10,11,11,12,12,13,13,14,14,15,15,0,1,2,3,4,5,6,7,8,9,10,11,12,13,14,15,16,17,18,19,20,21,22,23,24,25,26,27,28,29,30,31,32,33,34,0,0,0,0,0,1,1,1,1,2,2,2,2,2,3,3,3,3,3,1,4,4,4,4,4,5,5,5,5,6,6,5,6,6,6,7,7,7,7,7,0,1,2,3,4,5,6,7,8,9,10,11,12,13,14,15,16,17,5,6,7,8,9,14,4,11,5,12,13,15,16,17,3,0,1,2,0,1,2,3,4,5,6,7,8,9,10,11,12,13,14,15,16,17,18,19,20,21,22,21,20,19,18,17,16,15,14,13,12,11,10,0,0,0,0,1,1,1,2,2,2,3,3,4,4,5,5,6,6,7,8,9,10,11,12,13,14,15,16,17,18,19,20,21,22,23,0,0,0,1,2,3,2,1,4,5,6,7,6,5,4,8,9,10,9,8,11,12,13,14,13,12,11,15,16,17,16,15,18,19,20,21,0,0,1,2,3,4,5,6,3,7,8,4,9,10,11,9,12,13,14,15,16,17,15,18,19,20,18,21,22,23,24,25,26,12,27,28,29,24,30,31,0,0,0,0,1,1,2,2,2,3,3,3,2,4,4,5,5,4,6,6,6,7,4,7,7,8,8,9,8,9,10,10,11,11,9,11,12,12
41,0,0,1,1,2,3,2,0,3,4,4,5,4,5,4,6,7,8,8,6,9,9,10,11,7,11,10,1,12,12,13,13,14,14,6,14,9,15,15,16,0,0,0,0,1,1,1,1,2,2,2,3,3,3,4,4,4,5,5,5,6,6,7,7,8,8,9,9,10,10,11,11,12,12,13,13,14,14,15,15,0,1,2,3,4,5,6,7,8,9,10,11,12,13,14,15,16,17,18,19,20,21,22,23,24,25,26,27,28,29,30,31,32,33,34,0,0,0,0,0,1,1,1,1,2,2,1,2,2,2,3,3,3,3,3,4,4,4,4,4,5,5,5,5,6,5,6,6,6,6,7,7,7,7,7,0,1,2,3,4,5,6,7,8,9,10,11,12,13,14,15,16,17,15,0,10,5,16,14,8,13,1,6,12,17,11,9,3,7,15,2,0,1,2,3,4,5,6,7,8,9,10,11,12,13,14,15,16,17,18,19,20,21,22,22,21,20,19,18,17,16,15,14,13,12,11,0,0,0,0,1,1,1,2,2,2,3,3,4,4,5,5,6,6,7,8,9,10,11,12,13,14,15,16,17,18,19,20,21,22,23,0,0,0,1,2,3,2,1,4,5,6,7,6,5,4,8,9,10,9,8,11,12,13,14,13,12,11,15,16,17,16,15,18,19,20,21,0,0,1,2,3,4,5,6,3,7,8,4,9,10,11,9,12,13,14,15,16,17,15,18,19,20,18,21,22,23,24,25,26,12,27,28,29,27,30,31,0,0,0,0,1,1,2,2,2,3,3,3,2,4,4,5,5,4,6,6,6,7,4,7,7,8,8,9,9,9,10,10,11,11,10,11,12,12
42,0,0,1,1,2,3,3,2,4,4,4,5,5,6,6,7,8,9,8,7,10,10,11,12,12,13,13,11,9,14,14,15,15,6,15,16,16,16,5,17,0,0,0,0,1,1,1,1,2,2,2,3,3,3,4,4,4,5,5,5,6,6,7,7,8,8,9,9,10,10,11,11,12,12,13,13,14,14,15,15,0,1,2,3,4,5,6,7,8,9,10,11,12,13,14,15,16,17,18,19,20,21,22,23,24,25,26,27,28,29,30,31,32,33,34,0,0,0,0,0,1,1,1,1,2,2,2,2,2,3,3,3,3,3,1,4,4,4,4,4,5,5,5,5,6,6,6,6,6,5,7,7,7,7,7,0,1,2,3,4,5,6,7,8,9,10,11,12,13,14,15,16,17,5,15,6,10,11,16,2,1,8,12,13,0,7,17,9,14,4,3,0,1,2,3,4,5,6,7,8,9,10,11,12,13,14,15,16,17,18,19,20,21,22,22,21,20,19,18,17,16,15,14,13,12,11,0,0,0,0,1,1,1,2,2,2,3,3,4,4,5,5,6,6,7,8,9,10,11,12,13,14,15,16,17,18,19,20,21,22,23,0,0,0,1,2,3,1,4,4,5,6,7,5,8,8,9,10,11,9,12,12,13,14,15,13,16,16,17,18,19,17,20,20,21,22,23,0,0,1,2,3,4,5,6,3,7,8,4,9,10,11,9,12,13,14,15,16,17,15,18,19,20,18,21,22,23,24,25,26,24,27,28,29,27,30,31,0,0,0,0,1,1,2,2,2,3,3,2,4,4,4,5,5,6,6,6,7,7,6,8,8,8,9,9,10,10,10,11,11,10,12,12,12,13
43,0,0,1,1,2,3,3,2,4,4,4,5,5,6,6,7,8,9,7,8,10,10,11,12,12,13,13,11,9,14,14,15,15,11,6,15,5,16,16,17,0,0,0,0,1,1,1,1,2,2,2,3,3,3,4,4,4,5,5,5,6,6,7,7,8,8,9,9,10,10,11,11,12,12,13,13,14,14,15,15,0,1,2,3,4,5,6,7,8,9,10,11,12,13,14,15,16,17,18,19,20,21,22,23,24,25,26,27,28,29,30,31,32,33,34,0,0,0,0,0,1,1,1,1,2,2,2,2,2,3,3,3,3,3,1,4,4,4,4,4,5,5,5,5,6,6,6,6,6,5,7,7,7,7,7,0,1,2,3,4,5,6,7,8,9,10,11,12,13,14,15,16,17,0,5,10,15,1,6,11,16,2,7,12,17,3,8,13,4,9,14,0,1,2,3,4,5,6,7,8,9,10,11,12,13,14,15,16,17,18,19,20,21,22,22,21,20,19,18,17,16,14,13,15,11,10,0,0,0,0,1,1,1,2,2,2,3,3,4,4,5,5,6,6,7,8,9,10,11,12,13,14,15,16,17,18,19,20,21,22,23,0,0,0,1,2,3,1,4,4,5,6,7,5,8,8,9,10,11,9,12,12,13,14,15,13,16,16,17,18,19,17,20,20,21,22,23,0,0,1,2,3,4,5,6,3,7,8,4,9,10,11,9,12,13,14,15,16,17,15,18,19,20,18,21,22,23,24,25,26,24,27,28,29,27,30,31,0,0,0,0,1,1,2,2,2,3,3,2,4,4,4,5,5,6,6,6,7,7,6,8,8,8,9,9,10,10,10,11,11,10,12,12,12,13
44,0,0,1,1,2,3,0,3,2,4,4,5,5,4,5,6,7,8,7,6,9,9,10,11,8,11,10,6,12,12,13,13,14,14,14,14,9,15,15,16,0,0,0,0,1,1,1,1,2,2,2,3,3,3,4,4,4,5,5,5,6,6,7,7,8,8,9,9,10,10,11,11,12,12,13,13,14,14,15,15,0,1,2,3,4,5,6,7,8,9,10,11,12,13,14,15,16,17,18,19,20,21,22,23,24,25,26,27,28,29,30,31,32,33,34,0,0,0,0,0,1,1,1,1,2,2,1,2,2,2,3,3,3,3,3,4,4,4,4,4,5,5,5,5,6,6,5,6,6,6,7,7,7,7,7,0,1,2,3,4,5,6,7,8,9,10,11,12,13,14,15,16,17,6,7,15,16,17,5,9,10,11,12,13,14,8,4,3,2,1,0,0,1,2,3,4,5,6,7,8,9,10,11,12,13,14,15,16,17,18,19,20,21,22,22,21,20,19,18,17,16,15,14,13,12,11,0,0,0,0,1,1,1,2,2,2,3,3,4,4,5,5,6,6,7,8,9,10,11,12,13,14,15,16,17,18,19,20,21,22,23,0,0,0,1,2,3,1,4,4,5,6,7,4,5,8,9,10,11,8,8,12,13,14,15,12,12,16,17,18,19,1,17,16,20,21,22,0,0,1,2,3,4,5,6,3,7,8,4,9,10,11,9,12,13,14,15,16,17,12,18,19,20,18,21,22,23,15,24,25,21,26,27,28,26,29,30,0,0,0,0,1,1,2,2,2,3,3,3,2,4,4,5,5,4,6,6,6,7,4,7,7,8,8,9,9,9,10,10,11,11,10,11,12,12
45,0,0,1,1,2,3,2,3,4,4,4,5,5,6,6,7,8,9,9,8,10,10,11,12,7,12,11,0,13,13,14,14,6,5,10,15,15,15,4,16,0,0,0,0,1,1,1,1,2,2,2,3,3,3,4,4,4,5,5,5,6,6,7,7,8,8,9,9,10,10,11,11,12,12,13,13,14,14,15,15,0,1,2,3,4,5,6,7,8,9,10,11,12,13,14,15,16,17,18,19,20,21,22,23,24,25,26,27,28,29,30,31,32,33,34,0,0,0,0,0,1,1,1,1,2,2,2,2,2,3,3,3,3,3,1,4,4,4,4,4,5,5,5,5,6,6,6,6,6,5,7,7,7,7,7,0,1,2,3,4,5,6,7,8,9,10,11,12,13,14,15,16,17,2,7,12,17,1,6,11,16,0,5,10,15,3,8,13,4,9,14,0,1,2,3,4,5,6,7,8,9,10,11,12,13,14,15,16,17,18,19,20,21,22,22,21,20,19,18,17,16,15,14,13,12,11,0,0,0,0,1,1,1,2,2,2,3,3,4,4,5,5,6,6,7,8,9,10,11,12,13,14,15,16,17,18,19,20,21,22,23,0,0,0,1,2,3,1,4,4,5,6,7,5,8,8,9,10,11,9,12,12,13,14,15,13,16,16,17,18,19,17,20,20,21,22,23,0,0,1,2,3,4,5,6,3,7,8,4,9,10,11,9,12,13,14,15,16,17,15,18,19,20,18,21,22,23,24,25,26,24,27,28,29,27,30,31,0,0,0,0,1,1,2,2,2,3,3,2,4,4,4,5,5,6,6,6,7,7,3,6,8,8,9,9,8,10,10,10,11,11,11,12,12,13
46,0,0,1,1,2,3,0,3,2,4,4,5,4,5,4,6,7,8,6,7,9,9,10,11,11,12,12,10,8,13,13,14,14,10,11,14,9,15,15,16,0,0,0,0,1,1,1,1,2,2,2,3,3,3,4,4,4,5,5,5,6,6,7,7,8,8,9,9,10,10,11,11,12,12,13,13,14,14,15,15,0,1,2,3,4,5,6,7,8,9,10,11,12,13,14,15,16,17,18,19,20,21,22,23,24,25,26,27,28,29,30,31,32,33,34,0,0,0,0,0,1,1,1,1,2,2,2,2,2,3,3,3,3,3,1,4,4,4,4,4,5,5,5,5,6,6,6,6,6,5,7,7,7,7,7,0,1,2,3,4,5,6,7,8,9,10,11,12,13,14,15,16,17,0,5,10,15,1,6,11,16,0,2,7,12,17,3,8,13,4,9,0,1,2,3,4,5,6,7,8,9,10,11,12,13,14,15,16,17,18,19,20,21,22,22,21,20,19,18,17,16,15,14,12,11,10,0,0,0,0,1,1,1,2,2,2,3,3,4,4,5,5,6,6,7,8,9,10,11,12,13,14,15,16,17,18,19,20,21,22,23,0,0,0,1,2,3,1,4,4,5,6,7,1,5,8,9,10,11,8,8,12,13,14,15,12,12,16,17,18,19,16,16,20,21,22,23,0,0,1,2,3,4,5,6,3,7,8,4,9,10,11,9,12,13,14,15,16,17,15,18,19,20,18,21,22,23,24,25,26,24,27,28,29,27,30,31,0,0,0,0,1,1,2,2,2,3,3,2,4,4,4,5,5,6,6,6,7,7,3,6,8,8,9,9,8,10,10,10,11,11,11,12,12,13
50,0,0,1,1,2,3,2,3,4,4,4,5,0,5,6,6,7,8,7,8,9,9,10,11,11,12,12,4,10,13,13,14,14,14,9,15,15,15,16,16,0,0,0,0,1,1,1,1,2,2,2,3,3,3,4,4,4,5,5,5,6,6,7,7,8,8,9,9,10,10,11,11,12,12,13,13,14,14,15,15,0,1,2,3,4,5,6,7,8,9,10,11,12,13,14,15,16,17,18,19,20,21,22,23,24,25,26,27,28,29,30,31,32,33,34,0,0,0,0,0,1,1,1,1,2,2,1,2,2,2,3,3,3,3,3,4,4,4,4,4,5,5,5,5,6,5,6,6,6,6,7,7,7,7,7,0,1,2,3,4,5,6,7,8,9,10,11,12,13,14,15,16,17,6,5,0,15,10,1,16,11,12,2,7,17,3,13,8,9,4,14,0,1,2,3,4,5,6,7,8,9,10,11,12,13,14,15,16,17,18,19,20,21,22,22,21,20,19,18,17,16,15,14,13,12,11,0,0,0,0,1,1,1,2,2,2,3,3,4,4,5,5,6,6,7,8,9,10,11,12,13,14,15,16,17,18,19,20,21,22,23,0,0,0,1,2,3,1,4,4,5,6,7,2,5,8,9,10,11,8,9,12,13,14,15,12,13,16,17,18,19,12,16,20,21,22,23,0,0,1,2,3,4,5,6,3,7,8,4,9,10,11,9,12,13,14,15,16,17,15,18,19,20,18,21,22,23,24,25,26,24,27,28,29,27,30,31,0,0,0,0,1,1,2,2,2,3,3,2,4,4,4,5,5,6,6,6,7,7,6,8,8,8,9,9,10,10,10,11,11,10,12,12,12,13
51,0,0,1,1,2,3,3,2,4,4,4,5,5,6,6,7,8,9,7,9,10,10,11,12,12,13,13,11,8,14,14,15,15,6,11,15,5,16,16,17,0,0,0,0,1,1,1,1,2,2,2,3,3,3,4,4,4,5,5,5,6,6,7,7,8,8,9,9,10,10,11,11,12,12,13,13,14,14,15,15,0,1,2,3,4,5,6,7,8,9,10,11,12,13,14,15,16,17,18,19,20,21,22,23,24,25,26,27,28,29,30,31,32,33,34,0,0,0,0,0,1,1,1,1,2,2,2,2,2,3,3,3,3,3,1,4,4,4,4,4,5,5,5,5,6,5,6,6,6,6,7,7,7,7,7,0,1,2,3,4,5,6,7,8,9,10,11,12,13,14,15,16,17,5,15,16,9,2,11,12,10,6,17,0,4,7,8,13,1,14,3,0,1,2,3,4,5,6,7,8,9,10,11,12,13,14,15,16,17,18,19,20,21,22,22,21,20,19,18,17,16,15,14,13,12,11,0,0,0,0,1,1,1,2,2,2,3,3,4,4,5,5,6,6,7,8,9,10,11,12,13,14,15,16,17,18,19,20,21,22,23,0,0,0,1,2,3,1,4,4,5,6,7,5,8,8,9,10,11,9,12,12,13,14,15,13,16,16,17,18,19,17,20,20,21,22,23,0,0,1,2,3,4,5,6,3,7,8,4,9,10,11,9,12,13,14,15,16,17,15,18,19,20,18,21,22,23,24,25,26,24,27,28,29,27,30,31,0,0,0,0,1,1,2,2,2,3,3,2,4,4,4,5,5,6,6,6,7,7,6,8,8,8,9,9,10,10,10,11,11,10,12,12,12,13
52,0,0,1,1,2,3,0,2,3,4,4,5,4,5,4,6,7,8,7,8,9,9,10,11,6,11,10,9,12,12,13,13,14,14,14,14,15,15,15,16,0,0,0,0,1,1,1,1,2,2,2,3,3,3,4,4,4,5,5,5,6,6,7,7,8,8,9,9,10,10,11,11,12,12,13,13,14,14,15,15,0,1,2,3,4,5,6,7,8,9,10,11,12,13,14,15,16,17,18,19,20,21,22,23,24,25,26,27,28,29,30,31,32,33,34,0,0,0,0,0,1,1,1,1,2,2,1,2,2,2,3,3,3,3,3,4,4,4,4,4,5,5,5,5,6,5,6,6,6,6,7,7,7,7,7,0,1,2,3,4,5,6,7,8,9,10,11,12,13,14,15,16,17,9,13,0,4,12,14,8,16,17,10,1,3,7,11,2,6,5,15,0,1,2,3,4,5,6,7,8,9,10,11,12,13,14,15,16,17,18,19,20,21,22,21,20,19,18,17,22,15,14,13,16,11,10,0,0,0,0,1,1,1,2,2,2,3,3,4,4,5,5,6,6,7,8,9,10,11,12,13,14,15,16,17,18,19,20,21,22,23,0,0,0,1,2,3,2,1,4,5,6,7,6,5,4,8,9,10,9,8,11,12,13,14,13,12,11,15,16,17,16,15,18,19,20,21,0,0,1,2,3,4,5,6,3,7,8,4,9,10,11,9,12,13,14,15,16,17,12,18,19,20,18,21,22,23,15,24,25,21,26,27,28,26,29,30,0,0,0,0,1,1,2,2,2,3,3,3,2,4,4,5,5,4,6,6,6,7,4,7,7,8,8,9,8,9,10,10,11,9,10,11,12,12
53,0,0,1,1,2,3,3,2,4,4,4,5,0,5,6,6,7,8,7,8,9,9,10,11,11,12,12,10,13,13,14,14,10,15,15,15,15,16,16,17,0,0,0,0,1,1,1,1,2,2,2,3,3,3,4,4,4,5,5,5,6,6,7,7,8,8,9,9,10,10,11,11,12,12,13,13,14,14,15,15,0,1,2,3,4,5,6,7,8,9,10,11,12,13,14,15,16,17,18,19,20,21,22,23,24,25,26,27,28,29,30,31,32,33,34,0,0,0,0,0,1,1,1,1,2,2,1,2,2,2,3,3,3,3,3,4,4,4,4,4,5,5,5,5,6,5,6,6,6,6,7,7,7,7,7,0,1,2,3,4,5,6,7,8,9,10,11,12,13,14,15,16,17,0,10,5,4,7,6,15,16,11,1,2,9,12,17,3,8,13,14,0,1,2,3,4,5,6,7,8,9,10,11,12,13,14,15,16,17,18,19,20,21,22,22,21,20,19,18,17,16,15,14,13,12,11,0,0,0,0,1,1,1,2,2,2,3,3,4,4,5,5,6,6,7,8,9,10,11,12,13,14,15,16,17,18,19,20,21,22,23,0,0,0,1,2,3,1,4,4,5,6,7,6,5,8,9,10,11,8,9,12,13,14,15,12,13,16,17,18,19,16,17,20,21,22,23,0,0,1,2,3,4,5,6,3,7,8,4,9,10,11,9,12,13,14,15,16,17,15,18,19,20,18,21,22,23,24,25,26,24,27,28,29,27,30,31,0,0,0,0,1,1,2,2,2,3,3,2,4,4,4,5,5,6,6,6,7,7,6,8,8,8,9,9,10,10,10,11,11,10,12,12,12,13
54,0,0,1,1,2,3,0,3,2,4,4,5,4,5,4,6,7,8,7,8,9,9,10,11,11,12,10,12,12,13,13,14,14,14,11,6,9,15,15,16,0,0,0,0,1,1,1,1,2,2,2,3,3,3,4,4,4,5,5,5,6,6,7,7,8,8,9,9,10,10,11,11,12,12,13,13,14,14,15,15,0,1,2,3,4,5,6,7,8,9,10,11,12,13,14,15,16,17,18,19,20,21,22,23,24,25,26,27,28,29,30,31,32,33,34,0,0,0,0,0,1,1,1,1,2,2,1,2,2,2,3,3,3,3,3,4,4,4,4,4,5,5,5,5,6,5,6,6,6,6,7,7,7,7,7,0,1,2,3,4,5,6,7,8,9,10,11,12,13,14,15,16,17,6,7,15,16,14,8,9,10,11,12,13,17,5,4,3,2,1,0,0,1,2,3,4,5,6,7,8,9,10,11,12,13,14,15,16,17,18,19,20,21,22,22,21,20,19,18,17,16,15,14,13,12,11,0,0,0,0,1,1,1,2,2,2,3,3,4,4,5,5,6,6,7,8,9,10,11,12,13,14,15,16,17,18,19,20,21,22,23,0,0,0,1,2,3,1,4,4,5,6,7,4,5,8,9,10,11,1,9,8,12,13,14,12,15,15,16,17,18,15,16,19,20,21,22,0,0,1,2,3,4,5,6,3,7,8,4,9,10,11,9,12,13,14,15,16,17,12,18,19,20,18,21,22,23,15,24,25,21,26,27,28,26,29,30,0,0,0,0,1,1,2,2,2,3,3,3,2,4,4,5,5,4,6,6,6,7,7,7,8,8,9,9,8,10,10,10,11,7,11,11,12,12
55,0,0,1,1,2,3,0,3,2,4,4,5,4,5,4,6,7,8,7,6,9,9,10,11,8,11,10,1,12,12,13,13,14,14,14,14,9,15,15,16,0,0,0,0,1,1,1,1,2,2,2,3,3,3,4,4,4,5,5,5,6,6,7,7,8,8,9,9,10,10,11,11,12,12,13,13,14,14,15,15,0,1,2,3,4,5,6,7,8,9,10,11,12,13,14,15,16,17,18,19,20,21,22,23,24,25,26,27,28,29,30,31,32,33,34,0,0,0,0,0,1,1,1,1,2,2,2,2,2,3,3,3,3,3,1,4,4,4,4,4,5,5,5,5,6,6,6,6,5,6,7,7,7,7,7,0,1,2,3,4,5,6,7,8,9,10,11,12,13,14,15,16,17,10,1,5,15,16,17,0,6,10,7,8,11,12,3,13,9,14,2,0,1,2,3,4,5,6,7,8,9,10,11,12,13,14,15,16,17,18,19,20,21,22,22,21,20,19,18,17,16,15,14,13,12,11,0,0,0,0,1,1,1,2,2,2,3,3,4,4,5,5,6,6,7,8,9,10,11,12,13,14,15,16,17,18,19,20,21,22,23,0,0,0,1,2,3,1,4,4,5,6,7,5,8,8,9,10,11,9,12,12,13,14,15,13,16,16,17,18,19,17,20,20,21,22,23,0,0,1,2,3,4,5,6,3,7,8,4,9,10,11,9,12,13,14,15,16,17,15,18,19,20,18,21,22,23,24,25,26,24,27,28,29,27,30,31,0,0,0,0,1,1,2,2,2,3,3,3,2,4,4,5,5,4,6,6,6,7,7,7,8,8,9,9,8,10,10,10,11,11,11,12,12,13
56,0,0,1,1,2,3,2,3,4,4,4,5,4,5,6,6,7,8,8,7,9,9,10,11,11,12,12,10,13,13,14,14,10,15,11,15,9,16,16,17,0,0,0,0,1,1,1,1,2,2,2,3,3,3,4,4,4,5,5,5,6,6,7,7,8,8,9,9,10,10,11,11,12,12,13,13,14,14,15,15,0,1,2,3,4,5,6,7,8,9,10,11,12,13,14,15,16,17,18,19,20,21,22,23,24,25,26,27,28,29,30,31,32,33,34,0,0,0,0,0,1,1,1,1,2,2,1,2,2,2,3,3,3,3,3,4,4,4,4,4,5,5,5,5,6,5,6,6,6,6,7,7,7,7,7,0,1,2,3,4,5,6,7,8,9,10,11,12,13,14,15,16,17,5,6,7,15,16,17,8,9,5,10,11,12,13,14,3,4,1,2,0,1,2,3,4,5,6,7,8,9,10,11,12,13,14,15,16,17,18,19,20,21,22,21,20,19,18,17,16,22,14,13,12,11,15,0,0,0,0,1,1,1,2,2,2,3,3,4,4,5,5,6,6,7,8,9,10,11,12,13,14,15,16,17,18,19,20,21,22,23,0,0,0,1,2,3,1,4,4,5,6,7,4,5,8,9,10,11,1,8,12,13,14,15,8,12,16,17,18,19,12,16,20,21,22,23,0,0,1,2,3,4,5,6,3,7,8,4,9,10,11,9,12,13,14,15,16,17,12,18,19,20,18,21,22,23,15,24,25,21,26,27,28,26,29,30,0,0,0,0,1,1,2,2,2,3,3,2,4,4,4,5,5,6,6,6,7,7,7,6,8,8,9,9,8,10,10,10,11,11,11,12,12,13
58,0,0,1,1,2,3,3,2,4,4,4,5,5,6,6,7,8,9,7,8,10,10,11,12,12,13,13,11,9,14,14,15,15,6,15,16,16,16,5,17,0,0,0,0,1,1,1,1,2,2,2,3,3,3,4,4,4,5,5,5,6,6,7,7,8,8,9,9,10,10,11,11,12,12,13,13,14,14,15,15,0,1,2,3,4,5,6,7,8,9,10,11,12,13,14,15,16,17,18,19,20,21,22,23,24,25,26,27,28,29,30,31,32,33,34,0,0,0,0,0,1,1,1,1,2,2,2,2,2,3,3,3,3,3,1,4,4,4,4,4,5,5,5,5,6,6,6,6,6,5,7,7,7,7,7,0,1,2,3,4,5,6,7,8,9,10,11,12,13,14,15,16,17,0,1,2,5,6,3,7,10,11,8,12,15,16,4,13,17,9,14,0,1,2,3,4,5,6,7,8,9,10,11,12,13,14,15,16,17,18,19,20,21,22,22,21,20,19,18,17,16,15,14,13,12,11,0,0,0,0,1,1,1,2,2,2,3,3,4,4,5,5,6,6,7,8,9,10,11,12,13,14,15,16,17,18,19,20,21,22,23,0,0,0,1,2,3,1,4,4,5,6,7,5,8,8,9,10,11,9,12,12,13,14,15,13,16,16,17,18,19,17,20,20,21,22,23,0,0,1,2,3,4,5,6,3,7,8,4,9,10,11,9,12,13,14,15,16,17,15,18,19,20,18,21,22,23,24,25,26,24,27,28,29,27,30,31,0,0,0,0,1,1,2,2,2,3,3,2,4,4,4,5,5,6,6,6,7,7,6,8,8,8,9,9,10,10,10,11,11,10,12,12,12,13
61,0,0,1,1,2,3,3,0,2,4,4,5,4,5,4,6,7,8,8,7,9,9,10,11,11,12,10,12,6,13,13,14,14,14,12,15,15,15,9,16,0,0,0,0,1,1,1,1,2,2,2,3,3,3,4,4,4,5,5,5,6,6,7,7,8,8,9,9,10,10,11,11,12,12,13,13,14,14,15,15,0,1,2,3,4,5,6,7,8,9,10,11,12,13,14,15,16,17,18,19,20,21,22,23,24,25,26,27,28,29,30,31,32,33,34,0,0,0,0,0,1,1,1,1,2,2,2,2,2,3,3,3,3,3,1,4,4,4,4,4,5,5,5,5,6,6,6,6,6,5,7,7,7,7,7,0,1,2,3,4,5,6,7,8,9,10,11,12,13,14,15,16,17,6,5,15,16,17,8,9,10,11,12,13,14,7,4,3,2,1,0,0,1,2,3,4,5,6,7,8,9,10,11,12,13,14,15,16,17,18,19,20,21,22,22,21,20,19,18,17,16,15,14,13,12,11,0,0,0,0,1,1,1,2,2,2,3,3,4,4,5,5,6,6,7,8,9,10,11,12,13,14,15,16,17,18,19,20,21,22,23,0,0,0,1,2,3,1,4,4,5,6,7,5,8,8,9,10,11,9,12,12,13,14,15,13,16,16,17,18,19,17,20,20,21,22,23,0,0,1,2,3,4,5,6,3,7,8,4,9,10,11,9,12,13,14,15,16,17,15,18,19,20,18,21,22,23,24,25,26,24,27,28,29,27,30,31,0,0,0,0,1,1,2,2,2,3,3,3,2,4,4,5,5,4,6,6,6,7,7,7,8,8,9,9,8,10,10,10,11,11,11,12,12,13
62,0,0,1,1,2,3,0,2,3,4,4,5,5,4,5,6,7,8,8,7,9,9,10,11,10,11,6,7,12,12,13,13,14,14,9,14,15,15,14,16,0,0,0,0,1,1,1,1,2,2,2,3,3,3,4,4,4,5,5,5,6,6,7,7,8,8,9,9,10,10,11,11,12,12,13,13,14,14,15,15,0,1,2,3,4,5,6,7,8,9,10,11,12,13,14,15,16,17,18,19,20,21,22,23,24,25,26,27,28,29,30,31,32,33,34,0,0,0,0,0,1,1,1,1,2,2,1,2,2,2,3,3,3,3,3,4,4,4,4,4,5,5,5,5,6,5,6,6,6,6,7,7,7,7,7,0,1,2,3,4,5,6,7,8,9,10,11,12,13,14,15,16,17,9,14,1,4,17,12,13,7,8,2,3,15,16,6,5,10,11,0,0,1,2,3,4,5,6,7,8,9,10,11,12,13,14,15,16,17,18,19,20,21,22,21,20,19,18,17,16,15,14,13,12,11,10,0,0,0,0,1,1,1,2,2,2,3,3,4,4,5,5,6,6,7,8,9,10,11,12,13,14,15,16,17,18,19,20,21,22,23,0,0,0,1,2,3,2,1,4,5,6,7,6,5,4,8,9,10,9,8,11,12,13,14,13,12,11,15,16,17,16,15,18,19,20,21,0,0,1,2,3,4,5,6,3,7,8,4,9,10,11,9,12,13,14,15,16,17,15,18,19,20,18,21,22,23,24,25,26,24,27,28,29,27,30,31,0,0,0,0,1,1,2,2,2,3,3,3,2,4,4,5,5,4,6,6,6,7,4,7,7,8,8,9,8,9,10,10,11,9,10,11,12,12
64,0,0,1,1,2,3,0,2,3,4,4,5,5,4,5,6,7,8,8,7,9,9,10,11,10,11,6,1,12,12,13,13,14,14,9,14,15,15,14,16,0,0,0,0,1,1,1,1,2,2,2,3,3,3,4,4,4,5,5,5,6,6,7,7,8,8,9,9,10,10,11,11,12,12,13,13,14,14,15,15,0,1,2,3,4,5,6,7,8,9,10,11,12,13,14,15,16,17,18,19,20,21,22,23,24,25,26,27,28,29,30,31,32,33,34,0,0,0,0,0,1,1,1,1,2,2,1,2,2,2,3,3,3,3,3,4,4,4,4,4,5,5,5,5,6,5,6,6,6,6,7,7,7,7,7,0,1,2,3,4,5,6,7,8,9,10,11,12,13,14,15,16,17,2,7,12,17,3,8,1,6,13,11,16,4,9,0,5,14,10,15,0,1,2,3,4,5,6,7,8,9,10,11,12,13,14,15,16,17,18,19,20,21,22,21,20,19,18,17,16,15,14,13,12,11,10,0,0,0,0,1,1,1,2,2,2,3,3,4,4,5,5,6,6,7,8,9,10,11,12,13,14,15,16,17,18,19,20,21,22,23,0,0,0,1,2,3,2,1,4,5,6,7,6,5,4,8,9,10,9,8,11,12,13,14,13,12,11,15,16,17,16,15,18,19,20,21,0,0,1,2,3,4,5,6,3,7,8,4,9,10,11,9,12,13,14,15,16,17,15,18,19,20,18,21,22,23,24,25,26,24,27,28,29,27,30,31,0,0,0,0,1,1,2,2,2,3,3,3,2,4,4,5,5,4,6,6,6,7,4,7,7,8,8,9,8,9,10,10,11,9,10,11,12,12
65,0,0,1,1,2,3,0,2,3,4,4,5,4,5,4,6,7,8,8,6,9,9,10,11,7,11,10,1,12,12,13,13,14,14,6,14,9,15,14,15,0,0,0,0,1,1,1,1,2,2,2,3,3,3,4,4,4,5,5,5,6,6,7,7,8,8,9,9,10,10,11,11,12,12,13,13,14,14,15,15,0,1,2,3,4,5,6,7,8,9,10,11,12,13,14,15,16,17,18,19,20,21,22,23,24,25,26,27,28,29,30,31,32,33,34,0,0,0,0,0,1,1,1,1,2,2,1,2,2,2,3,3,3,3,3,4,4,4,4,4,5,5,5,5,6,5,6,6,6,6,7,7,7,7,7,0,1,2,3,4,5,6,7,8,9,10,11,12,13,14,15,16,17,2,7,12,17,4,9,14,3,8,13,0,5,10,15,1,6,11,16,0,1,2,3,4,5,6,7,8,9,10,11,12,13,14,15,16,17,18,19,20,21,22,21,20,19,18,17,16,15,14,13,12,11,10,0,0,0,0,1,1,1,2,2,2,3,3,4,4,5,5,6,6,7,8,9,10,11,12,13,14,15,16,17,18,19,20,21,22,23,0,0,0,1,2,3,2,1,4,5,6,7,6,5,4,8,9,10,9,8,11,12,13,14,13,12,11,15,16,17,16,15,18,19,20,21,0,0,1,2,3,4,5,6,3,7,8,4,9,10,11,9,12,13,14,15,16,17,15,18,19,20,18,21,22,23,24,25,26,24,27,28,29,27,30,31,0,0,0,0,1,1,2,2,2,3,3,3,2,4,4,5,5,4,6,6,6,7,4,7,7,8,8,9,8,9,10,10,11,9,10,11,12,12
68,0,0,1,1,2,3,2,3,4,4,4,5,5,6,5,6,7,8,7,8,9,9,10,11,11,12,12,0,10,13,13,14,14,14,11,15,4,15,15,16,0,0,0,0,1,1,1,1,2,2,2,3,3,3,4,4,4,5,5,5,6,6,7,7,8,8,9,9,10,10,11,11,12,12,13,13,14,14,15,15,0,1,2,3,4,5,6,7,8,9,10,11,12,13,14,15,16,17,18,19,20,21,22,23,24,25,26,27,28,29,30,31,32,33,34,0,0,0,0,0,1,1,1,1,2,2,1,2,2,2,3,3,3,3,3,4,4,4,4,4,5,5,5,5,6,6,6,6,6,5,7,7,7,7,7,0,1,2,3,4,5,6,7,8,9,10,11,12,13,14,15,16,17,11,1,6,16,3,8,13,0,5,10,7,15,17,9,12,14,5,2,0,1,2,3,4,5,6,7,8,9,10,11,12,13,14,15,16,17,18,19,20,21,22,21,22,19,20,17,18,15,16,13,14,11,12,0,0,0,0,1,1,1,2,2,2,3,3,4,4,5,5,6,6,7,8,9,10,11,12,13,14,15,16,17,18,19,20,21,22,23,0,0,0,1,2,3,1,4,4,5,6,7,4,5,8,9,10,11,1,8,12,13,14,15,8,12,16,17,18,19,12,16,20,21,22,23,0,0,1,2,3,4,5,6,3,7,8,4,9,10,11,9,12,13,14,15,16,17,12,18,19,20,18,21,22,23,15,24,25,21,26,27,28,26,29,30,0,0,0,0,1,1,2,2,2,3,3,2,4,4,4,5,5,6,6,6,7,7,6,8,8,8,9,9,10,10,10,11,11,7,12,12,12,13
71,0,0,1,1,2,3,0,3,2,4,4,5,4,5,4,6,7,8,7,6,9,9,10,11,8,11,10,3,12,12,13,13,14,14,9,14,15,15,14,16,0,0,0,0,1,1,1,1,2,2,2,3,3,3,4,4,4,5,5,5,6,6,7,7,8,8,9,9,10,10,11,11,12,12,13,13,14,14,15,15,0,1,2,3,4,5,6,7,8,9,10,11,12,13,14,15,16,17,18,19,20,21,22,23,24,25,26,27,28,29,30,31,32,33,34,0,0,0,0,0,1,1,1,1,2,2,1,2,2,2,3,3,3,3,3,4,4,4,4,4,5,5,5,5,6,5,6,6,6,6,7,7,7,7,7,0,1,2,3,4,5,6,7,8,9,10,11,12,13,14,15,16,17,6,10,11,15,16,7,1,5,12,13,2,8,9,14,3,4,0,17,0,1,2,3,4,5,6,7,8,9,10,11,12,13,14,15,16,17,18,19,20,21,22,21,20,19,18,17,16,15,14,13,12,11,10,0,0,0,0,1,1,1,2,2,2,3,3,4,4,5,5,6,6,7,8,9,10,11,12,13,14,15,16,17,18,19,20,21,22,23,0,0,0,1,2,3,2,1,4,5,6,7,6,5,4,8,9,10,9,8,11,12,13,14,13,12,11,15,16,17,16,15,18,19,20,21,0,0,1,2,3,4,5,6,3,7,8,4,9,10,11,9,12,13,14,15,16,17,12,18,19,20,15,21,22,23,24,25,26,21,27,28,29,24,30,31,0,0,0,0,1,1,2,2,2,3,3,3,2,4,4,5,5,4,6,6,6,7,4,7,7,8,8,9,8,9,10,10,11,11,10,11,12,12
72,0,0,1,1,2,3,0,3,2,4,4,5,4,5,4,6,7,8,7,6,9,9,10,11,10,11,12,9,8,12,13,13,14,14,6,14,15,15,14,16,0,0,0,0,1,1,1,1,2,2,2,3,3,3,4,4,4,5,5,5,6,6,7,7,8,8,9,9,10,10,11,11,12,12,13,13,14,14,15,15,0,1,2,3,4,5,6,7,8,9,10,11,12,13,14,15,16,17,18,19,20,21,22,23,24,25,26,27,28,29,30,31,32,33,34,0,0,0,0,0,1,1,1,1,2,2,1,2,2,2,3,3,3,3,3,4,4,4,4,4,5,5,5,5,6,6,5,6,6,6,7,7,7,7,7,0,1,2,3,4,5,6,7,8,9,10,11,12,13,14,15,16,17,0,10,5,15,16,1,6,11,0,7,2,17,12,3,13,8,4,9,0,1,2,3,4,5,6,7,8,9,10,11,12,13,14,15,16,17,18,19,20,21,22,22,21,20,19,18,17,16,15,14,13,12,11,0,0,0,0,1,1,1,2,2,2,3,3,4,4,5,5,6,6,7,8,9,10,11,12,13,14,15,16,17,18,19,20,21,22,23,0,0,0,1,2,3,2,1,4,5,6,7,6,5,4,8,9,10,9,8,11,12,13,14,13,12,11,15,16,17,16,15,18,19,20,21,0,0,1,2,3,4,5,6,3,7,8,4,9,10,11,9,12,13,14,15,16,17,15,18,19,20,18,21,22,23,24,25,26,24,27,28,29,27,30,31,0,0,0,0,1,1,2,2,2,3,3,3,2,4,4,5,5,4,6,6,6,7,4,7,7,8,8,9,8,9,10,10,11,11,10,11,12,12
73,0,0,1,1,2,3,0,2,3,4,4,5,4,5,4,6,7,8,8,6,9,9,10,11,7,11,10,1,12,12,13,13,14,14,6,14,9,15,14,15,0,0,0,0,1,1,1,1,2,2,2,3,3,3,4,4,4,5,5,5,6,6,7,7,8,8,9,9,10,10,11,11,12,12,13,13,14,14,15,15,0,1,2,3,4,5,6,7,8,9,10,11,12,13,14,15,16,17,18,19,20,21,22,23,24,25,26,27,28,29,30,31,32,33,34,0,0,0,0,0,1,1,1,1,2,2,1,2,2,2,3,3,3,3,3,4,4,4,4,4,5,5,5,5,6,5,6,6,6,6,7,7,7,7,7,0,1,2,3,4,5,6,7,8,9,10,11,12,13,14,15,16,17,16,0,5,14,3,7,12,8,1,10,11,9,4,2,13,6,15,17,0,1,2,3,4,5,6,7,8,9,10,11,12,13,14,15,16,17,18,19,20,21,22,21,20,19,18,17,16,15,14,13,12,11,10,0,0,0,0,1,1,1,2,2,2,3,3,4,4,5,5,6,6,7,8,9,10,11,12,13,14,15,16,17,18,19,20,21,22,23,0,0,0,1,2,3,2,1,4,5,6,7,6,5,4,8,9,10,9,8,11,12,13,14,13,12,11,15,16,17,16,15,18,19,20,21,0,0,1,2,3,4,5,6,3,7,8,4,9,10,11,9,12,13,14,15,16,17,12,18,19,20,15,21,22,23,24,25,26,18,27,28,29,24,30,31,0,0,0,0,1,1,2,2,2,3,3,3,2,4,4,5,5,4,6,6,6,7,4,7,7,8,8,9,8,9,10,10,11,11,9,11,12,12
75,0,0,1,1,2,3,0,3,2,4,4,5,4,5,4,6,7,8,7,6,9,9,10,11,11,12,12,3,8,13,13,14,14,10,6,14,9,15,15,16,0,0,0,0,1,1,1,1,2,2,2,3,3,3,4,4,4,5,5,5,6,6,7,7,8,8,9,9,10,10,11,11,12,12,13,13,14,14,15,15,0,1,2,3,4,5,6,7,8,9,10,11,12,13,14,15,16,17,18,19,20,21,22,23,24,25,26,27,28,29,30,31,32,33,34,0,0,0,0,0,1,1,1,1,2,2,2,2,2,3,3,3,3,3,1,4,4,4,4,4,5,5,5,5,6,6,6,6,6,5,7,7,7,7,7,0,1,2,3,4,5,6,7,8,9,10,11,12,13,14,15,16,17,17,11,15,16,12,5,14,6,10,13,2,1,9,4,7,8,10,0,0,1,2,3,4,5,6,7,8,9,10,11,12,13,14,15,16,17,18,19,20,21,22,21,20,19,18,17,16,15,14,13,12,11,10,0,0,0,0,1,1,1,2,2,2,3,3,4,4,5,5,6,6,7,8,9,10,11,12,13,14,15,16,17,18,19,20,21,22,23,0,0,0,1,2,3,1,4,4,5,6,7,1,5,8,9,10,11,4,8,12,13,14,15,8,12,16,17,18,19,12,16,20,21,22,23,0,0,1,2,3,4,5,6,3,7,8,4,9,10,11,9,12,13,14,15,16,17,15,18,19,20,18,21,22,23,24,25,26,24,27,28,29,27,30,31,0,0,0,0,1,1,2,2,2,3,3,2,4,4,4,5,5,6,6,6,7,7,7,6,8,8,9,9,8,10,10,10,11,11,11,12,12,13
77,0,0,1,1,2,3,0,3,2,4,4,5,4,5,4,6,7,8,6,7,9,9,10,11,11,12,12,3,8,13,13,14,14,10,11,14,9,15,15,16,0,0,0,0,1,1,1,1,2,2,2,3,3,3,4,4,4,5,5,5,6,6,7,7,8,8,9,9,10,10,11,11,12,12,13,13,14,14,15,15,0,1,2,3,4,5,6,7,8,9,10,11,12,13,14,15,16,17,18,19,20,21,22,23,24,25,26,27,28,29,30,31,32,33,34,0,0,0,0,0,1,1,1,1,2,2,1,2,2,2,3,3,3,3,3,4,4,4,4,4,5,5,5,5,6,6,6,6,6,5,7,7,7,7,7,0,1,2,3,4,5,6,7,8,9,10,11,12,13,14,15,16,17,0,5,10,15,1,6,11,16,0,2,7,12,17,3,8,13,4,9,0,1,2,3,4,5,6,7,8,9,10,11,12,13,14,15,16,17,18,19,20,21,22,21,20,19,18,17,16,15,14,13,12,11,10,0,0,0,0,1,1,1,2,2,2,3,3,4,4,5,5,6,6,7,8,9,10,11,12,13,14,15,16,17,18,19,20,21,22,23,0,0,0,1,2,3,1,4,4,5,6,7,1,5,8,9,10,11,4,8,12,13,14,15,8,12,16,17,18,19,12,16,20,21,22,23,0,0,1,2,3,4,5,6,3,7,8,4,9,10,11,9,12,13,14,15,16,17,12,18,19,20,18,21,22,23,15,24,25,21,26,27,28,26,29,30,0,0,0,0,1,1,2,2,2,3,3,2,4,4,4,5,5,6,6,6,7,7,7,6,8,8,9,9,8,10,10,10,11,11,11,12,12,13
78,0,0,1,1,2,3,3,2,4,4,0,5,5,4,5,6,7,8,6,7,9,8,10,11,11,12,12,10,9,13,13,14,14,10,14,15,15,15,16,16,0,0,0,0,1,1,1,1,2,2,2,3,3,3,4,4,4,5,5,5,6,6,7,7,8,8,9,9,10,10,11,11,12,12,13,13,14,14,15,15,0,1,2,3,4,5,6,7,8,9,10,11,12,13,14,15,16,17,18,19,20,21,22,23,24,25,26,27,28,29,30,31,32,33,34,0,0,0,0,0,1,1,1,1,2,2,2,2,2,3,3,3,3,3,1,4,4,4,4,4,5,5,5,5,6,5,6,6,6,6,7,7,7,7,7,0,1,2,3,4,5,6,7,8,9,10,11,12,13,14,15,16,17,0,3,1,5,10,15,6,11,16,8,2,7,12,17,13,4,9,14,0,1,2,3,4,5,6,7,8,9,10,11,12,13,14,15,16,17,18,19,20,21,22,22,21,20,19,18,17,16,15,14,12,13,11,0,0,0,0,1,1,1,2,2,2,3,3,4,4,5,5,6,6,7,8,9,10,11,12,13,14,15,16,17,18,19,20,21,22,23,0,0,0,1,2,3,2,1,4,5,6,7,4,5,8,9,10,11,8,9,12,13,14,15,12,13,16,17,18,19,16,17,20,21,22,23,0,0,1,2,3,4,5,6,3,7,8,4,9,10,11,9,12,13,14,15,16,17,15,18,19,20,18,21,22,23,24,25,26,24,27,28,29,27,30,31,0,0,0,0,1,1,2,2,2,3,3,2,4,4,4,5,5,6,6,6,7,7,6,8,8,8,9,9,10,10,10,11,11,10,12,12,12,13
79,0,0,1,1,2,3,0,2,3,4,4,5,5,4,5,6,7,8,8,7,9,6,10,11,9,11,10,1,12,12,13,13,6,14,14,14,14,15,15,16,0,0,0,0,1,1,1,1,2,2,2,3,3,3,4,4,4,5,5,5,6,6,7,7,8,8,9,9,10,10,11,11,12,12,13,13,14,14,15,15,0,1,2,3,4,5,6,7,8,9,10,11,12,13,14,15,16,17,18,19,20,21,22,23,24,25,26,27,28,29,30,31,32,33,34,0,0,0,0,0,1,1,1,1,2,2,1,2,2,2,3,3,3,3,3,4,4,4,4,4,5,5,5,5,6,5,6,6,6,6,7,7,7,7,7,0,1,2,3,4,5,6,7,8,9,10,11,12,13,14,15,16,17,4,9,14,3,8,13,2,7,12,17,1,6,11,16,0,5,10,15,0,1,2,3,4,5,6,7,8,9,10,11,12,13,14,15,16,17,18,19,20,21,22,21,20,19,18,17,16,15,14,13,12,11,10,0,0,0,0,1,1,1,2,2,2,3,3,4,4,5,5,6,6,7,8,9,10,11,12,13,14,15,16,17,18,19,20,21,22,23,0,0,0,1,2,3,2,1,4,5,6,7,6,5,4,8,9,10,9,8,11,12,13,14,13,12,11,15,16,17,16,15,18,19,20,21,0,0,1,2,3,4,5,6,3,7,8,4,9,10,11,9,12,13,14,15,16,17,12,18,19,20,18,21,22,23,15,24,25,21,26,27,28,26,29,30,0,0,0,0,1,1,2,2,2,3,3,3,2,4,4,5,5,4,6,6,6,7,4,7,7,8,8,9,8,9,10,10,11,9,10,11,12,12
81,0,0,1,1,2,3,0,2,3,4,4,5,4,5,4,6,7,8,6,7,9,8,10,11,11,12,9,12,12,13,13,14,10,14,11,15,10,15,14,16,0,0,0,0,1,1,1,1,2,2,2,3,3,3,4,4,4,5,5,5,6,6,7,7,8,8,9,9,10,10,11,11,12,12,13,13,14,14,15,15,0,1,2,3,4,5,6,7,8,9,10,11,12,13,14,15,16,17,18,19,20,21,22,23,24,25,26,27,28,29,30,31,32,33,34,0,0,0,0,0,1,1,1,1,2,2,2,2,2,3,3,3,3,3,1,4,4,4,4,4,5,5,5,5,6,6,5,6,6,6,7,7,7,7,7,0,1,2,3,4,5,6,7,8,9,10,11,12,13,14,15,16,17,5,12,6,0,1,13,14,15,10,9,11,2,3,4,7,17,5,8,0,1,2,3,4,5,6,7,8,9,10,11,12,13,14,15,16,17,18,19,20,21,22,21,20,19,18,17,16,15,14,13,12,11,10,0,0,0,0,1,1,1,2,2,2,3,3,4,4,5,5,6,6,7,8,9,10,11,12,13,14,15,16,17,18,19,20,21,22,23,0,0,0,1,2,3,1,4,4,5,6,7,5,8,8,9,10,11,1,9,12,13,14,15,13,12,16,17,18,19,16,16,20,21,22,23,0,0,1,2,3,4,5,6,3,7,8,4,9,10,11,9,12,13,14,15,16,17,12,18,19,20,15,21,22,23,24,25,26,18,27,28,29,24,30,31,0,0,0,0,1,1,2,2,2,3,3,3,2,4,4,5,5,4,6,6,6,7,7,7,8,8,9,9,8,10,10,10,11,11,11,12,12,13
82,0,0,1,1,2,3,0,2,3,4,4,5,5,4,5,6,7,8,8,6,9,9,10,11,7,11,10,1,12,12,13,13,14,14,6,14,9,15,14,15,0,0,0,0,1,1,1,1,2,2,2,3,3,3,4,4,4,5,5,5,6,6,7,7,8,8,9,9,10,10,11,11,12,12,13,13,14,14,15,15,0,1,2,3,4,5,6,7,8,9,10,11,12,13,14,15,16,17,18,19,20,21,22,23,24,25,26,27,28,29,30,31,32,33,34,0,0,0,0,0,1,1,1,1,2,2,1,2,2,2,3,3,3,3,3,4,4,4,4,4,5,5,5,5,6,5,6,6,6,6,7,7,7,7,7,0,1,2,3,4,5,6,7,8,9,10,11,12,13,14,15,16,17,1,4,9,14,6,11,16,3,8,13,2,7,12,17,0,5,10,15,0,1,2,3,4,5,6,7,8,9,10,11,12,13,14,15,16,17,18,19,20,21,22,21,20,19,18,17,16,15,14,13,12,11,10,0,0,0,0,1,1,1,2,2,2,3,3,4,4,5,5,6,6,7,8,9,10,11,12,13,14,15,16,17,18,19,20,21,22,23,0,0,0,1,2,3,2,1,4,5,6,7,6,5,4,8,9,10,9,8,11,12,13,14,13,12,11,15,16,17,16,15,18,19,20,21,0,0,1,2,3,4,5,6,3,7,8,4,9,10,11,9,12,13,14,15,16,17,12,18,19,20,18,21,22,23,15,24,25,21,26,27,28,26,29,30,0,0,0,0,1,1,2,2,2,3,3,3,2,4,4,5,5,4,6,6,6,7,4,7,7,8,8,9,8,9,10,10,11,9,10,11,12,12
83,0,0,1,1,2,3,0,3,2,4,4,5,4,5,4,6,7,8,8,6,9,7,10,11,10,11,9,3,12,12,13,13,14,14,6,14,7,15,14,15,0,0,0,0,1,1,1,1,2,2,2,3,3,3,4,4,4,5,5,5,6,6,7,7,8,8,9,9,10,10,11,11,12,12,13,13,14,14,15,15,0,1,2,3,4,5,6,7,8,9,10,11,12,13,14,15,16,17,18,19,20,21,22,23,24,25,26,27,28,29,30,31,32,33,34,0,0,0,0,0,1,1,1,1,2,2,1,2,2,2,3,3,3,3,3,4,4,4,4,4,5,5,5,5,6,5,6,6,6,6,7,7,7,7,7,0,1,2,3,4,5,6,7,8,9,10,11,12,13,14,15,16,17,7,17,9,10,4,12,13,14,15,2,5,16,8,0,3,11,15,6,0,1,2,3,4,5,6,7,8,9,10,11,12,13,14,15,16,17,18,19,20,21,22,21,20,19,18,17,16,15,14,13,12,11,10,0,0,0,0,1,1,1,2,2,2,3,3,4,4,5,5,6,6,7,8,9,10,11,12,13,14,15,16,17,18,19,20,21,22,23,0,0,0,1,2,3,2,1,4,5,6,7,6,5,4,8,9,10,9,8,11,12,13,14,13,12,11,15,16,17,16,15,18,19,20,21,0,0,1,2,3,4,5,6,3,7,8,4,9,10,11,9,12,13,14,15,16,17,12,18,19,20,18,21,22,23,15,24,25,21,26,27,28,26,29,30,0,0,0,0,1,1,2,2,2,3,3,3,2,4,4,5,5,4,6,6,6,7,4,7,7,8,8,9,8,9,10,10,11,9,10,11,12,12
84,0,0,1,1,2,3,0,3,2,4,4,5,5,4,5,6,7,8,8,7,9,9,10,11,10,11,6,3,12,12,13,13,14,14,9,14,15,15,14,16,0,0,0,0,1,1,1,1,2,2,2,3,3,3,4,4,4,5,5,5,6,6,7,7,8,8,9,9,10,10,11,11,12,12,13,13,14,14,15,15,0,1,2,3,4,5,6,7,8,9,10,11,12,13,14,15,16,17,18,19,20,21,22,23,24,25,26,27,28,29,30,31,32,33,34,0,0,0,0,0,1,1,1,1,2,2,1,2,2,2,3,3,3,3,3,4,4,4,4,4,5,5,5,5,6,5,6,6,6,6,7,7,7,7,7,0,1,2,3,4,5,6,7,8,9,10,11,12,13,14,15,16,17,12,5,14,9,17,7,15,4,8,10,3,13,16,2,11,1,6,0,0,1,2,3,4,5,6,7,8,9,10,11,12,13,14,15,16,17,18,19,20,21,22,21,20,19,18,17,16,15,14,13,12,11,10,0,0,0,0,1,1,1,2,2,2,3,3,4,4,5,5,6,6,7,8,9,10,11,12,13,14,15,16,17,18,19,20,21,22,23,0,0,0,1,2,3,2,1,4,5,6,7,6,5,4,8,9,10,9,8,11,12,13,14,13,12,11,15,16,17,16,15,18,19,20,21,0,0,1,2,3,4,5,6,3,7,8,4,9,10,11,9,12,13,14,15,16,17,12,18,19,20,15,21,22,23,24,25,26,21,27,28,29,24,30,31,0,0,0,0,1,1,2,2,2,3,3,3,2,4,4,5,5,4,6,6,6,7,4,7,7,8,8,9,8,9,10,10,11,9,10,11,12,12
85,0,0,1,1,2,3,0,3,2,4,4,5,5,4,5,6,7,8,8,7,9,9,10,11,10,11,6,3,12,12,13,13,14,14,9,14,15,15,14,16,0,0,0,0,1,1,1,1,2,2,2,3,3,3,4,4,4,5,5,5,6,6,7,7,8,8,9,9,10,10,11,11,12,12,13,13,14,14,15,15,0,1,2,3,4,5,6,7,8,9,10,11,12,13,14,15,16,17,18,19,20,21,22,23,24,25,26,27,28,29,30,31,32,33,34,0,0,0,0,0,1,1,1,1,2,2,1,2,2,2,3,3,3,3,3,4,4,4,4,4,5,5,5,5,6,5,6,6,6,6,7,7,7,7,7,0,1,2,3,4,5,6,7,8,9,10,11,12,13,14,15,16,17,4,3,14,6,7,8,9,16,17,10,11,12,13,15,1,2,5,0,0,1,2,3,4,5,6,7,8,9,10,11,12,13,14,15,16,17,18,19,20,21,22,22,21,20,19,18,17,16,15,14,13,12,11,0,0,0,0,1,1,1,2,2,2,3,3,4,4,5,5,6,6,7,8,9,10,11,12,13,14,15,16,17,18,19,20,21,22,23,0,0,0,1,2,3,2,1,4,5,6,7,6,5,4,8,9,10,9,8,11,12,13,14,13,12,11,15,16,17,16,15,18,19,20,21,0,0,1,2,3,4,5,6,3,7,8,4,9,10,11,9,12,13,14,15,16,17,15,18,19,20,18,21,22,23,24,25,26,21,27,28,29,27,30,31,0,0,0,0,1,1,2,2,2,3,3,3,2,4,4,5,5,4,6,6,6,7,4,7,7,8,8,9,8,9,10,10,11,10,9,11,12,12
88,0,0,1,1,2,3,3,2,4,4,0,5,5,4,5,6,7,8,8,7,9,9,10,11,11,12,12,10,6,13,13,14,10,14,11,15,15,15,14,16,0,0,0,0,1,1,1,1,2,2,2,3,3,3,4,4,4,5,5,5,6,6,7,7,8,8,9,9,10,10,11,11,12,12,13,13,14,14,15,15,0,1,2,3,4,5,6,7,8,9,10,11,12,13,14,15,16,17,18,19,20,21,22,23,24,25,26,27,28,29,30,31,32,33,34,0,0,0,0,0,1,1,1,1,2,2,1,2,2,2,3,3,3,3,3,4,4,4,4,4,5,5,5,5,6,5,6,6,6,6,7,7,7,7,7,0,1,2,3,4,5,6,7,8,9,10,11,12,13,14,15,16,17,11,4,2,3,5,6,7,10,8,9,12,15,13,14,16,17,1,0,0,1,2,3,4,5,6,7,8,9,10,11,12,13,14,15,16,17,18,19,20,21,22,22,21,20,19,18,17,16,15,14,13,12,11,0,0,0,0,1,1,1,2,2,2,3,3,4,4,5,5,6,6,7,8,9,10,11,12,13,14,15,16,17,18,19,20,21,22,23,0,0,0,1,2,3,2,1,4,5,6,7,6,4,8,9,10,11,4,8,12,13,14,15,8,12,16,17,18,19,12,16,20,21,22,23,0,0,1,2,3,4,5,6,3,7,8,4,9,10,11,9,12,13,14,15,16,17,12,18,19,20,18,21,22,23,15,24,25,21,26,27,28,26,29,30,0,0,0,0,1,1,2,2,2,3,3,2,4,4,4,5,5,6,6,6,7,7,6,8,8,8,9,9,10,10,10,11,11,7,12,12,12,13
91,0,0,1,1,2,3,3,2,4,4,4,5,5,6,6,7,8,9,7,8,10,10,11,12,12,13,13,11,9,14,14,15,15,6,15,16,16,16,11,17,0,0,0,0,1,1,1,1,2,2,2,3,3,3,4,4,4,5,5,5,6,6,7,7,8,8,9,9,10,10,11,11,12,12,13,13,14,14,15,15,0,1,2,3,4,5,6,7,8,9,10,11,12,13,14,15,16,17,18,19,20,21,22,23,24,25,26,27,28,29,30,31,32,33,34,0,0,0,0,0,1,1,1,1,2,2,2,2,2,3,3,3,3,3,1,4,4,4,4,4,5,5,5,5,6,6,6,6,6,5,7,7,7,7,7,0,1,2,3,4,5,6,7,8,9,10,11,12,13,14,15,16,17,1,10,11,15,16,17,2,5,6,0,8,4,7,13,9,12,14,3,0,1,2,3,4,5,6,7,8,9,10,11,12,13,14,15,16,17,18,19,20,21,22,22,21,20,19,18,17,16,15,14,13,12,11,0,0,0,0,1,1,1,2,2,2,3,3,4,4,5,5,6,6,7,8,9,10,11,12,13,14,15,16,17,18,19,20,21,22,23,0,0,0,1,2,3,1,4,4,5,6,7,5,8,8,9,10,11,9,12,12,13,14,15,13,16,16,17,18,19,17,20,20,21,22,23,0,0,1,2,3,4,5,6,3,7,8,4,9,10,11,9,12,13,14,15,16,17,15,18,19,20,18,21,22,23,24,25,26,21,27,28,29,27,30,31,0,0,0,0,1,1,2,2,2,3,3,2,4,4,4,5,5,6,6,6,7,7,6,8,8,8,9,9,10,10,10,11,11,10,12,12,12,13
92,0,0,1,1,2,3,3,2,4,4,4,5,5,6,6,7,8,9,7,8,10,10,11,12,12,13,13,11,9,14,14,15,15,5,6,15,11,16,16,17,0,0,0,0,1,1,1,1,2,2,2,3,3,3,4,4,4,5,5,5,6,6,7,7,8,8,9,9,10,10,11,11,12,12,13,13,14,14,15,15,0,1,2,3,4,5,6,7,8,9,10,11,12,13,14,15,16,17,18,19,20,21,22,23,24,25,26,27,28,29,30,31,32,33,34,0,0,0,0,0,1,1,1,1,2,2,2,2,2,3,3,3,3,3,1,4,4,4,4,4,5,5,5,5,6,6,6,6,6,5,7,7,7,7,7,0,1,2,3,4,5,6,7,8,9,10,11,12,13,14,15,16,17,5,10,11,8,12,7,13,15,16,17,6,2,1,0,4,9,14,3,0,1,2,3,4,5,6,7,8,9,10,11,12,13,14,15,16,17,18,19,20,21,22,21,20,19,18,17,16,15,22,13,12,11,14,0,0,0,0,1,1,1,2,2,2,3,3,4,4,5,5,6,6,7,8,9,10,11,12,13,14,15,16,17,18,19,20,21,22,23,0,0,0,1,2,3,1,4,4,5,6,7,5,8,8,9,10,11,9,12,12,13,14,15,13,16,16,17,18,19,17,20,20,21,22,23,0,0,1,2,3,4,5,6,3,7,8,4,9,10,11,9,12,13,14,15,16,17,15,18,19,20,18,21,22,23,24,25,26,24,27,28,29,27,30,31,0,0,0,0,1,1,2,2,2,3,3,2,4,4,4,5,5,6,6,6,7,7,6,8,8,8,9,9,10,10,10,11,11,7,12,12,12,13
93,0,0,1,1,2,3,0,2,3,4,4,5,4,5,4,6,7,8,6,7,9,9,10,11,8,11,10,1,12,12,13,13,14,14,14,14,9,15,15,16,0,0,0,0,1,1,1,1,2,2,2,3,3,3,4,4,4,5,5,5,6,6,7,7,8,8,9,9,10,10,11,11,12,12,13,13,14,14,15,15,0,1,2,3,4,5,6,7,8,9,10,11,12,13,14,15,16,17,18,19,20,21,22,23,24,25,26,27,28,29,30,31,32,33,34,0,0,0,0,0,1,1,1,1,2,2,1,2,2,2,3,3,3,3,3,4,4,4,4,4,5,5,5,5,6,6,6,6,6,5,7,7,7,7,7,0,1,2,3,4,5,6,7,8,9,10,11,12,13,14,15,16,17,0,15,16,1,2,10,11,12,0,13,3,17,4,5,6,7,8,9,0,1,2,3,4,5,6,7,8,9,10,11,12,13,14,15,16,17,18,19,20,21,22,21,20,19,18,17,16,22,14,15,13,12,11,0,0,0,0,1,1,1,2,2,2,3,3,4,4,5,5,6,6,7,8,9,10,11,12,13,14,15,16,17,18,19,20,21,22,23,0,0,0,1,2,3,1,4,4,5,6,7,1,5,8,9,10,11,4,8,12,13,14,15,8,12,16,17,18,19,16,16,20,21,22,23,0,0,1,2,3,4,5,6,3,7,8,4,9,10,11,9,12,13,14,15,16,17,12,18,19,20,18,21,22,23,15,24,25,21,26,27,28,26,29,30,0,0,0,0,1,1,2,2,2,3,3,2,4,4,4,5,5,6,6,6,7,7,6,8,8,8,9,9,10,10,10,11,11,7,12,12,12,13
95,0,0,1,1,2,3,0,3,2,4,4,5,4,5,4,6,7,8,8,6,9,9,10,11,7,11,10,3,12,12,13,13,14,14,6,14,9,15,14,15,0,0,0,0,1,1,1,1,2,2,2,3,3,3,4,4,4,5,5,5,6,6,7,7,8,8,9,9,10,10,11,11,12,12,13,13,14,14,15,15,0,1,2,3,4,5,6,7,8,9,10,11,12,13,14,15,16,17,18,19,20,21,22,23,24,25,26,27,28,29,30,31,32,33,34,0,0,0,0,0,1,1,1,1,2,2,1,2,2,2,3,3,3,3,3,4,4,4,4,4,5,5,5,5,6,5,6,6,6,6,7,7,7,7,7,0,1,2,3,4,5,6,7,8,9,10,11,12,13,14,15,16,17,0,1,5,6,11,16,2,7,0,12,10,17,3,8,13,15,4,9,0,1,2,3,4,5,6,7,8,9,10,11,12,13,14,15,16,17,18,19,20,21,22,22,21,20,19,18,16,15,14,13,12,11,10,0,0,0,0,1,1,1,2,2,2,3,3,4,4,5,5,6,6,7,8,9,10,11,12,13,14,15,16,17,18,19,20,21,22,23,0,0,0,1,2,3,2,1,4,5,6,7,6,5,4,8,9,10,9,8,11,12,13,14,13,12,11,15,16,17,16,15,18,19,20,21,0,0,1,2,3,4,5,6,3,7,8,4,9,10,11,9,12,13,14,15,16,17,15,18,19,20,18,21,22,23,24,25,26,24,27,28,29,27,30,31,0,0,0,0,1,1,2,2,2,3,3,3,2,4,4,5,5,4,6,6,6,7,4,7,7,8,8,9,8,9,10,10,11,9,10,11,12,12
98,0,0,1,1,2,3,0,3,2,4,4,5,4,5,4,6,7,8,6,7,9,9,10,11,10,11,12,3,8,12,13,13,14,14,9,14,15,15,14,16,0,0,0,0,1,1,1,1,2,2,2,3,3,3,4,4,4,5,5,5,6,6,7,7,8,8,9,9,10,10,11,11,12,12,13,13,14,14,15,15,0,1,2,3,4,5,6,7,8,9,10,11,12,13,14,15,16,17,18,19,20,21,22,23,24,25,26,27,28,29,30,31,32,33,34,0,0,0,0,0,1,1,1,1,2,2,1,2,2,2,3,3,3,3,3,4,4,4,4,4,5,5,5,5,6,5,6,6,6,6,7,7,7,7,7,0,1,2,3,4,5,6,7,8,9,10,11,12,13,14,15,16,17,0,10,1,11,15,2,5,16,0,6,17,7,3,8,12,13,4,9,0,1,2,3,4,5,6,7,8,9,10,11,12,13,14,15,16,17,18,19,20,21,22,21,20,19,18,17,16,15,14,13,12,11,10,0,0,0,0,1,1,1,2,2,2,3,3,4,4,5,5,6,6,7,8,9,10,11,12,13,14,15,16,17,18,19,20,21,22,23,0,0,0,1,2,3,1,4,4,5,6,7,1,5,8,9,10,11,4,8,12,13,14,15,8,12,16,17,18,19,12,16,20,21,22,23,0,0,1,2,3,4,5,6,3,7,8,4,9,10,11,9,12,13,14,15,16,17,15,18,19,20,18,21,22,23,24,25,26,24,27,28,29,27,30,31,0,0,0,0,1,1,2,2,2,3,3,2,4,4,4,5,5,6,6,6,7,7,7,6,8,8,9,9,8,10,10,10,11,3,11,11,12,12
99,0,0,1,1,2,3,0,2,3,4,4,5,4,5,4,6,7,8,6,7,9,8,10,11,9,11,10,1,12,12,13,13,14,14,14,14,15,15,15,16,0,0,0,0,1,1,1,1,2,2,2,3,3,3,4,4,4,5,5,5,6,6,7,7,8,8,9,9,10,10,11,11,12,12,13,13,14,14,15,15,0,1,2,3,4,5,6,7,8,9,10,11,12,13,14,15,16,17,18,19,20,21,22,23,24,25,26,27,28,29,30,31,32,33,34,0,0,0,0,0,1,1,1,1,2,2,1,2,2,2,3,3,3,3,3,4,4,4,4,4,5,5,5,5,6,6,6,6,6,5,7,7,7,7,7,0,1,2,3,4,5,6,7,8,9,10,11,12,13,14,15,16,17,5,6,7,8,9,10,11,12,5,13,14,15,16,17,0,1,2,3,0,1,2,3,4,5,6,7,8,9,10,11,12,13,14,15,16,17,18,19,20,21,22,21,20,19,18,17,16,15,14,13,12,22,11,0,0,0,0,1,1,1,2,2,2,3,3,4,4,5,5,6,6,7,8,9,10,11,12,13,14,15,16,17,18,19,20,21,22,23,0,0,0,1,2,3,1,4,4,5,6,7,1,5,8,9,10,11,4,8,12,13,14,15,8,9,12,16,17,18,16,13,19,20,21,22,0,0,1,2,3,4,5,6,3,7,8,4,9,10,11,9,12,13,14,15,16,17,12,18,19,20,18,21,22,23,15,24,25,21,26,27,28,26,29,30,0,0,0,0,1,1,2,2,2,3,3,2,4,4,4,5,5,6,6,6,7,7,7,6,8,8,9,9,8,10,10,10,11,11,11,12,12,13
100,0,0,1,1,2,3,0,2,3,4,4,5,4,5,4,6,7,8,6,7,9,8,10,11,9,11,10,1,12,12,13,13,14,14,14,14,15,15,15,16,0,0,0,0,1,1,1,1,2,2,2,3,3,3,4,4,4,5,5,5,6,6,7,7,8,8,9,9,10,10,11,11,12,12,13,13,14,14,15,15,0,1,2,3,4,5,6,7,8,9,10,11,12,13,14,15,16,17,18,19,20,21,22,23,24,25,26,27,28,29,30,31,32,33,34,0,0,0,0,0,1,1,1,1,2,2,1,2,2,2,3,3,3,3,3,4,4,4,4,4,5,5,5,5,6,5,6,6,6,6,7,7,7,7,7,0,1,2,3,4,5,6,7,8,9,10,11,12,13,14,15,16,17,0,1,2,3,4,5,6,7,0,8,9,10,11,12,13,14,15,16,0,1,2,3,4,5,6,7,8,9,10,11,12,13,14,15,16,17,18,19,20,21,22,21,20,19,18,17,16,15,14,13,12,11,10,0,0,0,0,1,1,1,2,2,2,3,3,4,4,5,5,6,6,7,8,9,10,11,12,13,14,15,16,17,18,19,20,21,22,23,0,0,0,1,2,3,1,4,4,5,6,7,1,5,8,9,10,11,2,8,12,13,14,15,4,9,12,16,17,18,6,13,19,20,21,22,0,0,1,2,3,4,5,6,3,7,8,4,9,10,11,9,12,13,14,15,16,17,12,18,19,20,15,21,22,23,24,25,26,18,27,28,29,24,30,31,0,0,0,0,1,1,2,2,2,3,3,2,4,4,4,5,5,6,6,6,7,7,3,6,8,8,9,9,8,10,10,10,11,7,11,11,12,12
101,0,0,1,1,2,3,0,2,3,4,4,5,5,4,5,6,7,8,8,7,9,9,10,11,10,11,6,7,12,12,13,13,14,14,9,14,15,15,14,16,0,0,0,0,1,1,1,1,2,2,2,3,3,3,4,4,4,5,5,5,6,6,7,7,8,8,9,9,10,10,11,11,12,12,13,13,14,14,15,15,0,1,2,3,4,5,6,7,8,9,10,11,12,13,14,15,16,17,18,19,20,21,22,23,24,25,26,27,28,29,30,31,32,33,34,0,0,0,0,0,1,1,1,1,2,2,1,2,2,2,3,3,3,3,3,4,4,4,4,4,5,5,5,5,6,5,6,6,6,6,7,7,7,7,7,0,1,2,3,4,5,6,7,8,9,10,11,12,13,14,15,16,17,9,8,14,4,13,12,3,2,17,7,1,6,11,16,5,10,0,15,0,1,2,3,4,5,6,7,8,9,10,11,12,13,14,15,16,17,18,19,20,21,22,21,20,19,18,17,16,15,14,13,12,11,10,0,0,0,0,1,1,1,2,2,2,3,3,4,4,5,5,6,6,7,8,9,10,11,12,13,14,15,16,17,18,19,20,21,22,23,0,0,0,1,2,3,2,1,4,5,6,7,6,5,4,8,9,10,9,8,11,12,13,14,13,12,11,15,16,17,16,15,18,19,20,21,0,0,1,2,3,4,5,6,3,7,8,4,9,10,11,9,12,13,14,15,16,17,12,18,19,20,18,21,22,23,15,24,25,21,26,27,28,26,29,30,0,0,0,0,1,1,2,2,2,3,3,3,2,4,4,5,5,4,6,6,6,7,4,7,7,8,8,9,8,9,10,10,11,10,9,11,12,12
102,0,0,1,1,2,3,0,3,2,4,4,5,4,5,4,6,7,8,6,7,9,9,10,11,8,11,10,3,12,12,13,13,14,14,9,14,15,15,14,16,0,0,0,0,1,1,1,1,2,2,2,3,3,3,4,4,4,5,5,5,6,6,7,7,8,8,9,9,10,10,11,11,12,12,13,13,14,14,15,15,0,1,2,3,4,5,6,7,8,9,10,11,12,13,14,15,16,17,18,19,20,21,22,23,24,25,26,27,28,29,30,31,32,33,34,0,0,0,0,0,1,1,1,1,2,2,1,2,2,2,3,3,3,3,3,4,4,4,4,4,5,5,5,5,6,5,6,6,6,6,7,7,7,7,7,0,1,2,3,4,5,6,7,8,9,10,11,12,13,14,15,16,17,0,1,5,6,11,16,2,7,0,12,10,17,3,8,13,15,4,9,0,1,2,3,4,5,6,7,8,9,10,11,12,13,14,15,16,17,18,19,20,21,22,22,21,20,19,18,16,15,14,13,12,11,10,0,0,0,0,1,1,1,2,2,2,3,3,4,4,5,5,6,6,7,8,9,10,11,12,13,14,15,16,17,18,19,20,21,22,23,0,0,0,1,2,3,2,1,4,5,6,7,6,5,4,8,9,10,9,8,11,12,13,14,13,12,11,15,16,17,16,15,18,19,20,21,0,0,1,2,3,4,5,6,3,7,8,4,9,10,11,9,12,13,14,15,16,17,15,18,19,20,18,21,22,23,24,25,26,24,27,28,29,27,30,31,0,0,0,0,1,1,2,2,2,3,3,3,2,4,4,5,5,4,6,6,6,7,4,7,7,8,8,9,8,9,10,10,11,9,10,11,12,12
104,0,0,1,1,2,3,0,3,2,4,4,5,4,5,4,6,7,8,7,6,9,9,10,11,8,11,10,3,12,12,13,13,14,14,6,14,9,15,14,15,0,0,0,0,1,1,1,1,2,2,2,3,3,3,4,4,4,5,5,5,6,6,7,7,8,8,9,9,10,10,11,11,12,12,13,13,14,14,15,15,0,1,2,3,4,5,6,7,8,9,10,11,12,13,14,15,16,17,18,19,20,21,22,23,24,25,26,27,28,29,30,31,32,33,34,0,0,0,0,0,1,1,1,1,2,2,1,2,2,2,3,3,3,3,3,4,4,4,4,4,5,5,5,5,6,5,6,6,6,6,7,7,7,7,7,0,1,2,3,4,5,6,7,8,9,10,11,12,13,14,15,16,17,1,6,0,11,16,2,7,12,17,5,3,8,10,13,4,15,9,14,0,1,2,3,4,5,6,7,8,9,10,11,12,13,14,15,16,17,18,19,20,21,22,22,21,20,19,18,17,16,15,14,13,12,11,0,0,0,0,1,1,1,2,2,2,3,3,4,4,5,5,6,6,7,8,9,10,11,12,13,14,15,16,17,18,19,20,21,22,23,0,0,0,1,2,3,2,1,4,5,6,7,6,5,4,8,9,10,9,8,11,12,13,14,13,12,11,15,16,17,16,15,18,19,20,21,0,0,1,2,3,4,5,6,3,7,8,4,9,10,11,9,12,13,14,15,16,17,15,18,19,20,18,21,22,23,24,25,26,24,27,28,29,27,30,31,0,0,0,0,1,1,2,2,2,3,3,3,2,4,4,5,5,4,6,6,6,7,4,7,7,8,8,9,8,9,10,10,11,9,10,11,12,12
105,0,0,1,1,2,3,0,3,2,4,4,5,4,5,4,6,7,8,8,6,9,9,10,11,7,11,10,3,12,12,13,13,14,14,6,14,9,15,14,15,0,0,0,0,1,1,1,1,2,2,2,3,3,3,4,4,4,5,5,5,6,6,7,7,8,8,9,9,10,10,11,11,12,12,13,13,14,14,15,15,0,1,2,3,4,5,6,7,8,9,10,11,12,13,14,15,16,17,18,19,20,21,22,23,24,25,26,27,28,29,30,31,32,33,34,0,0,0,0,0,1,1,1,1,2,2,1,2,2,2,3,3,3,3,3,4,4,4,4,4,5,5,5,5,6,5,6,6,6,6,7,7,7,7,7,0,1,2,3,4,5,6,7,8,9,10,11,12,13,14,15,16,17,6,16,10,11,1,15,7,2,12,17,5,8,0,13,3,14,9,4,0,1,2,3,4,5,6,7,8,9,10,11,12,13,14,15,16,17,18,19,20,21,22,22,21,20,19,18,17,16,15,14,12,11,10,0,0,0,0,1,1,1,2,2,2,3,3,4,4,5,5,6,6,7,8,9,10,11,12,13,14,15,16,17,18,19,20,21,22,23,0,0,0,1,2,3,2,1,4,5,6,7,6,5,4,8,9,10,9,8,11,12,13,14,13,12,11,15,16,17,16,15,18,19,20,21,0,0,1,2,3,4,5,6,3,7,8,4,9,10,11,9,12,13,14,15,16,17,15,18,19,20,18,21,22,23,24,25,26,24,27,28,29,27,30,31,0,0,0,0,1,1,2,2,2,3,3,3,2,4,4,5,5,4,6,6,6,7,4,7,7,8,8,9,8,9,10,10,11,9,10,11,12,12
106,0,0,1,1,2,3,0,3,2,4,4,5,5,4,5,6,7,8,7,8,9,9,10,11,10,11,6,3,12,12,13,13,14,14,14,14,9,15,15,16,0,0,0,0,1,1,1,1,2,2,2,3,3,3,4,4,4,5,5,5,6,6,7,7,8,8,9,9,10,10,11,11,12,12,13,13,14,14,15,15,0,1,2,3,4,5,6,7,8,9,10,11,12,13,14,15,16,17,18,19,20,21,22,23,24,25,26,27,28,29,30,31,32,33,34,0,0,0,0,0,1,1,1,1,2,2,1,2,2,2,3,3,3,3,3,4,4,4,4,4,5,5,5,5,6,6,6,6,6,5,7,7,7,7,7,0,1,2,3,4,5,6,7,8,9,10,11,12,13,14,15,16,17,6,7,1,2,10,11,12,13,14,15,16,17,3,4,5,8,9,0,0,1,2,3,4,5,6,7,8,9,10,11,12,13,14,15,16,17,18,19,20,21,22,22,21,20,19,18,17,16,15,14,13,12,11,0,0,0,0,1,1,1,2,2,2,3,3,4,4,5,5,6,6,7,8,9,10,11,12,13,14,15,16,17,18,19,20,21,22,23,0,0,0,1,2,3,2,1,4,5,6,7,5,4,8,9,10,11,5,9,8,12,13,14,4,12,15,16,17,18,10,16,15,19,20,21,0,0,1,2,3,4,5,6,3,7,8,4,9,10,11,9,12,13,14,15,16,17,12,18,19,20,18,21,22,23,15,24,25,21,26,27,28,26,29,30,0,0,0,0,1,1,2,2,2,3,3,3,2,4,4,5,5,4,6,6,6,7,7,7,8,8,9,9,8,10,10,10,11,7,11,11,12,12
107,0,0,1,1,2,3,0,2,3,4,4,5,5,4,5,6,7,8,8,7,9,9,10,11,6,11,10,1,12,12,13,13,14,14,9,14,15,15,14,16,0,0,0,0,1,1,1,1,2,2,2,3,3,3,4,4,4,5,5,5,6,6,7,7,8,8,9,9,10,10,11,11,12,12,13,13,14,14,15,15,0,1,2,3,4,5,6,7,8,9,10,11,12,13,14,15,16,17,18,19,20,21,22,23,24,25,26,27,28,29,30,31,32,33,34,0,0,0,0,0,1,1,1,1,2,2,1,2,2,2,3,3,3,3,3,4,4,4,4,4,5,5,5,5,6,5,6,6,6,6,7,7,7,7,7,0,1,2,3,4,5,6,7,8,9,10,11,12,13,14,15,16,17,4,9,14,0,5,3,8,13,10,15,2,7,12,17,1,6,10,11,0,1,2,3,4,5,6,7,8,9,10,11,12,13,14,15,16,17,18,19,20,21,22,21,20,19,18,17,16,15,14,13,12,11,10,0,0,0,0,1,1,1,2,2,2,3,3,4,4,5,5,6,6,7,8,9,10,11,12,13,14,15,16,17,18,19,20,21,22,23,0,0,0,1,2,3,2,1,4,5,6,7,6,5,4,8,9,10,9,8,11,12,13,14,13,12,11,15,16,17,16,15,18,19,20,21,0,0,1,2,3,4,5,6,3,7,8,4,9,10,11,9,12,13,14,15,16,17,12,18,19,20,18,21,22,23,15,24,25,21,26,27,28,26,29,30,0,0,0,0,1,1,2,2,2,3,3,3,2,4,4,5,5,4,6,6,6,7,4,7,7,8,8,9,8,9,10,10,11,9,10,11,12,12
109,0,0,1,1,2,3,0,2,3,4,4,5,5,4,5,6,7,8,8,7,9,9,10,11,6,11,10,7,12,12,13,13,14,14,9,14,15,15,14,16,0,0,0,0,1,1,1,1,2,2,2,3,3,3,4,4,4,5,5,5,6,6,7,7,8,8,9,9,10,10,11,11,12,12,13,13,14,14,15,15,0,1,2,3,4,5,6,7,8,9,10,11,12,13,14,15,16,17,18,19,20,21,22,23,24,25,26,27,28,29,30,31,32,33,34,0,0,0,0,0,1,1,1,1,2,2,1,2,2,2,3,3,3,3,3,4,4,4,4,4,5,5,5,5,6,5,6,6,6,6,7,7,7,7,7,0,1,2,3,4,5,6,7,8,9,10,11,12,13,14,15,16,17,14,8,9,17,2,3,4,13,12,16,1,6,7,10,11,15,5,0,0,1,2,3,4,5,6,7,8,9,10,11,12,13,14,15,16,17,18,19,20,21,22,21,20,19,18,17,16,15,14,13,12,11,10,0,0,0,0,1,1,1,2,2,2,3,3,4,4,5,5,6,6,7,8,9,10,11,12,13,14,15,16,17,18,19,20,21,22,23,0,0,0,1,2,3,2,1,4,5,6,7,6,5,4,8,9,10,9,8,11,12,13,14,13,12,11,15,16,17,16,15,18,19,20,21,0,0,1,2,3,4,5,6,3,7,8,4,9,10,11,9,12,13,14,15,16,17,12,18,19,20,18,21,22,23,15,24,25,21,26,27,28,26,29,30,0,0,0,0,1,1,2,2,2,3,3,3,2,4,4,5,5,4,6,6,6,7,4,7,7,8,8,9,8,9,10,10,11,9,10,11,12,12
111,0,0,1,1,2,3,0,3,2,4,4,5,4,5,4,6,7,8,6,7,9,9,10,11,8,11,10,3,12,12,13,13,14,14,9,14,15,15,14,16,0,0,0,0,1,1,1,1,2,2,2,3,3,3,4,4,4,5,5,5,6,6,7,7,8,8,9,9,10,10,11,11,12,12,13,13,14,14,15,15,0,1,2,3,4,5,6,7,8,9,10,11,12,13,14,15,16,17,18,19,20,21,22,23,24,25,26,27,28,29,30,31,32,33,34,0,0,0,0,0,1,1,1,1,2,2,1,2,2,2,3,3,3,3,3,4,4,4,4,4,5,5,5,5,6,5,6,6,6,6,7,7,7,7,7,0,1,2,3,4,5,6,7,8,9,10,11,12,13,14,15,16,17,6,16,10,11,1,15,7,2,12,17,5,8,0,13,3,14,9,4,0,1,2,3,4,5,6,7,8,9,10,11,12,13,14,15,16,17,18,19,20,21,22,22,21,20,19,18,17,16,15,14,12,11,10,0,0,0,0,1,1,1,2,2,2,3,3,4,4,5,5,6,6,7,8,9,10,11,12,13,14,15,16,17,18,19,20,21,22,23,0,0,0,1,2,3,2,1,4,5,6,7,6,5,4,8,9,10,9,8,11,12,13,14,13,12,11,15,16,17,16,15,18,19,20,21,0,0,1,2,3,4,5,6,3,7,8,4,9,10,11,9,12,13,14,15,16,17,15,18,19,20,18,21,22,23,24,25,26,24,27,28,29,27,30,31,0,0,0,0,1,1,2,2,2,3,3,3,2,4,4,5,5,4,6,6,6,7,4,7,7,8,8,9,8,9,10,10,11,9,10,11,12,12
112,0,0,1,1,2,3,0,3,2,4,4,5,4,5,4,6,7,8,6,7,9,9,10,11,8,11,10,3,12,12,13,13,14,14,9,14,15,15,14,16,0,0,0,0,1,1,1,1,2,2,2,3,3,3,4,4,4,5,5,5,6,6,7,7,8,8,9,9,10,10,11,11,12,12,13,13,14,14,15,15,0,1,2,3,4,5,6,7,8,9,10,11,12,13,14,15,16,17,18,19,20,21,22,23,24,25,26,27,28,29,30,31,32,33,34,0,0,0,0,0,1,1,1,1,2,2,1,2,2,2,3,3,3,3,3,4,4,4,4,4,5,5,5,5,6,5,6,6,6,6,7,7,7,7,7,0,1,2,3,4,5,6,7,8,9,10,11,12,13,14,15,16,17,15,10,16,1,11,5,6,12,15,2,17,7,0,8,13,3,9,14,0,1,2,3,4,5,6,7,8,9,10,11,12,13,14,15,16,17,18,19,20,21,22,22,21,20,19,18,17,16,15,14,12,11,10,0,0,0,0,1,1,1,2,2,2,3,3,4,4,5,5,6,6,7,8,9,10,11,12,13,14,15,16,17,18,19,20,21,22,23,0,0,0,1,2,3,2,1,4,5,6,7,6,5,4,8,9,10,9,8,11,12,13,14,13,12,11,15,16,17,16,15,18,19,20,21,0,0,1,2,3,4,5,6,3,7,8,4,9,10,11,9,12,13,14,15,16,17,15,18,19,20,18,21,22,23,24,25,26,24,27,28,29,27,30,31,0,0,0,0,1,1,2,2,2,3,3,3,2,4,4,5,5,4,6,6,6,7,4,7,7,8,8,9,8,9,10,10,11,11,9,11,12,12
113,0,0,1,1,2,3,0,3,2,4,4,5,4,5,4,6,7,8,8,6,9,9,10,11,7,11,10,3,12,12,13,13,14,14,6,14,9,15,14,15,0,0,0,0,1,1,1,1,2,2,2,3,3,3,4,4,4,5,5,5,6,6,7,7,8,8,9,9,10,10,11,11,12,12,13,13,14,14,15,15,0,1,2,3,4,5,6,7,8,9,10,11,12,13,14,15,16,17,18,19,20,21,22,23,24,25,26,27,28,29,30,31,32,33,34,0,0,0,0,0,1,1,1,1,2,2,1,2,2,2,3,3,3,3,3,4,4,4,4,4,5,5,5,5,6,5,6,6,6,6,7,7,7,7,7,0,1,2,3,4,5,6,7,8,9,10,11,12,13,14,15,16,17,1,6,0,5,10,7,11,12,2,16,17,15,3,8,13,9,14,4,0,1,2,3,4,5,6,7,8,9,10,11,12,13,14,15,16,17,18,19,20,21,22,22,21,20,19,18,16,15,14,13,12,11,10,0,0,0,0,1,1,1,2,2,2,3,3,4,4,5,5,6,6,7,8,9,10,11,12,13,14,15,16,17,18,19,20,21,22,23,0,0,0,1,2,3,2,1,4,5,6,7,6,5,4,8,9,10,9,8,11,12,13,14,13,12,11,15,16,17,16,15,18,19,20,21,0,0,1,2,3,4,5,6,3,7,8,4,9,10,11,9,12,13,14,15,16,17,15,18,19,20,18,21,22,23,24,25,26,24,27,28,29,27,30,31,0,0,0,0,1,1,2,2,2,3,3,3,2,4,4,5,5,4,6,6,6,7,4,7,7,8,8,9,8,9,10,10,11,9,10,11,12,12
114,0,0,1,1,2,3,0,3,2,4,4,5,5,4,5,6,7,8,8,7,9,9,10,11,10,11,6,3,12,12,13,13,14,14,9,14,15,15,14,16,0,0,0,0,1,1,1,1,2,2,2,3,3,3,4,4,4,5,5,5,6,6,7,7,8,8,9,9,10,10,11,11,12,12,13,13,14,14,15,15,0,1,2,3,4,5,6,7,8,9,10,11,12,13,14,15,16,17,18,19,20,21,22,23,24,25,26,27,28,29,30,31,32,33,34,0,0,0,0,0,1,1,1,1,2,2,1,2,2,2,3,3,3,3,3,4,4,4,4,4,5,5,5,5,6,5,6,6,6,6,7,7,7,7,7,0,1,2,3,4,5,6,7,8,9,10,11,12,13,14,15,16,17,6,7,8,9,14,16,17,1,2,3,4,15,5,10,11,12,13,0,0,1,2,3,4,5,6,7,8,9,10,11,12,13,14,15,16,17,18,19,20,21,22,21,20,19,18,17,16,15,14,13,12,11,10,0,0,0,0,1,1,1,2,2,2,3,3,4,4,5,5,6,6,7,8,9,10,11,12,13,14,15,16,17,18,19,20,21,22,23,0,0,0,1,2,3,2,1,4,5,6,7,6,5,4,8,9,10,9,8,11,12,13,14,13,12,11,15,16,17,16,15,18,19,20,21,0,0,1,2,3,4,5,6,3,7,8,4,9,10,11,9,12,13,14,15,16,17,12,18,19,20,18,21,22,23,15,24,25,21,26,27,28,26,29,30,0,0,0,0,1,1,2,2,2,3,3,3,2,4,4,5,5,4,6,6,6,7,4,7,7,8,8,9,8,9,10,10,11,9,10,11,12,12
115,0,0,1,1,2,3,0,2,3,4,4,5,5,4,5,6,7,8,8,7,9,9,10,11,6,11,10,7,12,12,13,13,14,14,9,14,15,15,14,16,0,0,0,0,1,1,1,1,2,2,2,3,3,3,4,4,4,5,5,5,6,6,7,7,8,8,9,9,10,10,11,11,12,12,13,13,14,14,15,15,0,1,2,3,4,5,6,7,8,9,10,11,12,13,14,15,16,17,18,19,20,21,22,23,24,25,26,27,28,29,30,31,32,33,34,0,0,0,0,0,1,1,1,1,2,2,1,2,2,2,3,3,3,3,3,4,4,4,4,4,5,5,5,5,6,5,6,6,6,6,7,7,7,7,7,0,1,2,3,4,5,6,7,8,9,10,11,12,13,14,15,16,17,4,14,1,2,3,8,9,5,6,7,13,10,11,12,15,16,17,0,0,1,2,3,4,5,6,7,8,9,10,11,12,13,14,15,16,17,18,19,20,21,22,21,20,19,18,17,16,15,14,13,12,11,10,0,0,0,0,1,1,1,2,2,2,3,3,4,4,5,5,6,6,7,8,9,10,11,12,13,14,15,16,17,18,19,20,21,22,23,0,0,0,1,2,3,2,1,4,5,6,7,6,5,4,8,9,10,9,8,11,12,13,14,13,12,11,15,16,17,16,15,18,19,20,21,0,0,1,2,3,4,5,6,3,7,8,4,9,10,11,9,12,13,14,15,16,17,12,18,19,20,18,21,22,23,15,24,25,21,26,27,28,26,29,30,0,0,0,0,1,1,2,2,2,3,3,3,2,4,4,5,5,4,6,6,6,7,4,7,7,8,8,9,8,9,10,10,11,9,10,11,12,12
116,0,0,1,1,2,3,0,2,3,4,4,5,5,4,5,6,7,8,8,7,9,9,10,11,10,11,6,7,12,12,13,13,14,14,9,14,15,15,14,16,0,0,0,0,1,1,1,1,2,2,2,3,3,3,4,4,4,5,5,5,6,6,7,7,8,8,9,9,10,10,11,11,12,12,13,13,14,14,15,15,0,1,2,3,4,5,6,7,8,9,10,11,12,13,14,15,16,17,18,19,20,21,22,23,24,25,26,27,28,29,30,31,32,33,34,0,0,0,0,0,1,1,1,1,2,2,1,2,2,2,3,3,3,3,3,4,4,4,4,4,5,5,5,5,6,5,6,6,6,6,7,7,7,7,7,0,1,2,3,4,5,6,7,8,9,10,11,12,13,14,15,16,17,7,4,9,8,6,12,14,11,13,16,17,3,15,10,2,5,1,0,0,1,2,3,4,5,6,7,8,9,10,11,12,13,14,15,16,17,18,19,20,21,22,21,20,19,18,17,16,15,14,13,12,11,10,0,0,0,0,1,1,1,2,2,2,3,3,4,4,5,5,6,6,7,8,9,10,11,12,13,14,15,16,17,18,19,20,21,22,23,0,0,0,1,2,3,2,1,4,5,6,7,6,5,4,8,9,10,9,8,11,12,13,14,13,12,11,15,16,17,16,15,18,19,20,21,0,0,1,2,3,4,5,6,3,7,8,4,9,10,11,9,12,13,14,15,16,17,12,18,19,20,18,21,22,23,15,24,25,21,26,27,28,26,29,30,0,0,0,0,1,1,2,2,2,3,3,3,2,4,4,5,5,4,6,6,6,7,4,7,7,8,8,9,8,9,10,10,11,9,10,11,12,12
117,0,0,1,1,2,3,0,2,3,4,4,5,5,4,5,6,7,8,8,7,9,9,10,11,6,11,10,7,12,12,13,13,14,14,9,14,15,15,14,16,0,0,0,0,1,1,1,1,2,2,2,3,3,3,4,4,4,5,5,5,6,6,7,7,8,8,9,9,10,10,11,11,12,12,13,13,14,14,15,15,0,1,2,3,4,5,6,7,8,9,10,11,12,13,14,15,16,17,18,19,20,21,22,23,24,25,26,27,28,29,30,31,32,33,34,0,0,0,0,0,1,1,1,1,2,2,1,2,2,2,3,3,3,3,3,4,4,4,4,4,5,5,5,5,6,5,6,6,6,6,7,7,7,7,7,0,1,2,3,4,5,6,7,8,9,10,11,12,13,14,15,16,17,4,3,9,8,7,2,14,13,12,11,17,6,16,15,10,1,5,0,0,1,2,3,4,5,6,7,8,9,10,11,12,13,14,15,16,17,18,19,20,21,22,21,20,19,18,17,16,15,14,13,12,11,10,0,0,0,0,1,1,1,2,2,2,3,3,4,4,5,5,6,6,7,8,9,10,11,12,13,14,15,16,17,18,19,20,21,22,23,0,0,0,1,2,3,2,1,4,5,6,7,6,5,4,8,9,10,9,8,11,12,13,14,13,12,11,15,16,17,16,15,18,19,20,21,0,0,1,2,3,4,5,6,3,7,8,4,9,10,11,9,12,13,14,15,16,17,12,18,19,20,18,21,22,23,15,24,25,21,26,27,28,26,29,30,0,0,0,0,1,1,2,2,2,3,3,3,2,4,4,5,5,4,6,6,6,7,4,7,7,8,8,9,8,9,10,10,11,9,10,11,12,12
118,0,0,1,1,2,3,0,3,2,4,4,5,4,5,4,6,7,8,6,7,9,9,10,11,8,11,10,3,12,12,13,13,14,14,9,14,15,15,14,16,0,0,0,0,1,1,1,1,2,2,2,3,3,3,4,4,4,5,5,5,6,6,7,7,8,8,9,9,10,10,11,11,12,12,13,13,14,14,15,15,0,1,2,3,4,5,6,7,8,9,10,11,12,13,14,15,16,17,18,19,20,21,22,23,24,25,26,27,28,29,30,31,32,33,34,0,0,0,0,0,1,1,1,1,2,2,1,2,2,2,3,3,3,3,3,4,4,4,4,4,5,5,5,5,6,5,6,6,6,6,7,7,7,7,7,0,1,2,3,4,5,6,7,8,9,10,11,12,13,14,15,16,17,1,6,0,5,10,15,7,11,12,2,16,8,17,3,13,9,14,4,0,1,2,3,4,5,6,7,8,9,10,11,12,13,14,15,16,17,18,19,20,21,22,21,20,19,18,17,16,15,14,13,12,11,10,0,0,0,0,1,1,1,2,2,2,3,3,4,4,5,5,6,6,7,8,9,10,11,12,13,14,15,16,17,18,19,20,21,22,23,0,0,0,1,2,3,2,1,4,5,6,7,6,5,4,8,9,10,9,8,11,12,13,14,13,12,11,15,16,17,16,15,18,19,20,21,0,0,1,2,3,4,5,6,3,7,8,4,9,10,11,9,12,13,14,15,16,17,15,18,19,20,18,21,22,23,24,25,26,24,27,28,29,27,30,31,0,0,0,0,1,1,2,2,2,3,3,3,2,4,4,5,5,4,6,6,6,7,4,7,7,8,8,9,8,9,10,10,11,10,9,11,12,12
121,0,0,1,1,2,3,0,3,2,4,4,5,4,5,4,6,7,8,6,7,9,9,10,11,8,11,10,3,12,12,13,13,14,14,9,14,15,15,14,16,0,0,0,0,1,1,1,1,2,2,2,3,3,3,4,4,4,5,5,5,6,6,7,7,8,8,9,9,10,10,11,11,12,12,13,13,14,14,15,15,0,1,2,3,4,5,6,7,8,9,10,11,12,13,14,15,16,17,18,19,20,21,22,23,24,25,26,27,28,29,30,31,32,33,34,0,0,0,0,0,1,1,1,1,2,2,1,2,2,2,3,3,3,3,3,4,4,4,4,4,5,5,5,5,6,5,6,6,6,6,7,7,7,7,7,0,1,2,3,4,5,6,7,8,9,10,11,12,13,14,15,16,17,1,6,0,5,10,7,11,17,2,12,16,15,8,13,3,14,9,4,0,1,2,3,4,5,6,7,8,9,10,11,12,13,14,15,16,17,18,19,20,21,22,22,21,20,19,18,16,15,14,13,12,11,10,0,0,0,0,1,1,1,2,2,2,3,3,4,4,5,5,6,6,7,8,9,10,11,12,13,14,15,16,17,18,19,20,21,22,23,0,0,0,1,2,3,2,1,4,5,6,7,6,5,4,8,9,10,9,8,11,12,13,14,13,12,11,15,16,17,16,15,18,19,20,21,0,0,1,2,3,4,5,6,3,7,8,4,9,10,11,9,12,13,14,15,16,17,15,18,19,20,18,21,22,23,24,25,26,24,27,28,29,27,30,31,0,0,0,0,1,1,2,2,2,3,3,3,2,4,4,5,5,4,6,6,6,7,4,7,7,8,8,9,8,9,10,10,11,9,10,11,12,12
125,0,0,1,1,2,3,0,3,2,4,4,5,4,5,4,6,7,8,6,7,9,9,10,11,11,12,12,3,8,13,13,14,14,10,11,14,9,15,15,16,0,0,0,0,1,1,1,1,2,2,2,3,3,3,4,4,4,5,5,5,6,6,7,7,8,8,9,9,10,10,11,11,12,12,13,13,14,14,15,15,0,1,2,3,4,5,6,7,8,9,10,11,12,13,14,15,16,17,18,19,20,21,22,23,24,25,26,27,28,29,30,31,32,33,34,0,0,0,0,0,1,1,1,1,2,2,1,2,2,2,3,3,3,3,3,4,4,4,4,4,5,5,5,5,6,6,6,6,6,5,7,7,7,7,7,0,1,2,3,4,5,6,7,8,9,10,11,12,13,14,15,16,17,0,5,10,15,1,6,11,16,0,2,7,12,17,3,8,13,4,9,0,1,2,3,4,5,6,7,8,9,10,11,12,13,14,15,16,17,18,19,20,21,22,21,20,19,18,17,16,15,14,13,12,11,10,0,0,0,0,1,1,1,2,2,2,3,3,4,4,5,5,6,6,7,8,9,10,11,12,13,14,15,16,17,18,19,20,21,22,23,0,0,0,1,2,3,1,4,4,5,6,7,1,5,8,9,10,11,4,8,12,13,14,15,8,12,16,17,18,19,12,16,20,21,22,23,0,0,1,2,3,4,5,6,3,7,8,4,9,10,11,9,12,13,14,15,16,17,12,18,19,20,15,21,22,23,24,25,26,21,27,28,29,24,30,31,0,0,0,0,1,1,2,2,2,3,3,2,4,4,4,5,5,6,6,6,7,7,7,6,8,8,9,9,8,10,10,10,11,3,11,11,12,12
126,0,0,1,1,2,3,0,2,3,4,4,5,5,4,5,6,7,8,8,7,9,9,10,11,10,11,6,7,12,12,13,13,14,14,9,14,15,15,14,16,0,0,0,0,1,1,1,1,2,2,2,3,3,3,4,4,4,5,5,5,6,6,7,7,8,8,9,9,10,10,11,11,12,12,13,13,14,14,15,15,0,1,2,3,4,5,6,7,8,9,10,11,12,13,14,15,16,17,18,19,20,21,22,23,24,25,26,27,28,29,30,31,32,33,34,0,0,0,0,0,1,1,1,1,2,2,1,2,2,2,3,3,3,3,3,4,4,4,4,4,5,5,5,5,6,5,6,6,6,6,7,7,7,7,7,0,1,2,3,4,5,6,7,8,9,10,11,12,13,14,15,16,17,14,9,8,4,7,13,3,12,11,2,6,17,1,16,5,10,0,15,0,1,2,3,4,5,6,7,8,9,10,11,12,13,14,15,16,17,18,19,20,21,22,21,20,19,18,17,16,15,14,13,12,11,10,0,0,0,0,1,1,1,2,2,2,3,3,4,4,5,5,6,6,7,8,9,10,11,12,13,14,15,16,17,18,19,20,21,22,23,0,0,0,1,2,3,2,1,4,5,6,7,6,5,4,8,9,10,9,8,11,12,13,14,13,12,11,15,16,17,16,15,18,19,20,21,0,0,1,2,3,4,5,6,3,7,8,4,9,10,11,9,12,13,14,15,16,17,12,18,19,20,18,21,22,23,15,24,25,21,26,27,28,26,29,30,0,0,0,0,1,1,2,2,2,3,3,3,2,4,4,5,5,4,6,6,6,7,4,7,7,8,8,9,8,9,10,10,11,10,9,11,12,12
127,0,0,1,1,2,3,0,2,3,4,4,5,5,4,5,6,7,8,8,7,9,9,10,11,6,11,10,7,12,12,13,13,14,14,9,14,15,15,14,16,0,0,0,0,1,1,1,1,2,2,2,3,3,3,4,4,4,5,5,5,6,6,7,7,8,8,9,9,10,10,11,11,12,12,13,13,14,14,15,15,0,1,2,3,4,5,6,7,8,9,10,11,12,13,14,15,16,17,18,19,20,21,22,23,24,25,26,27,28,29,30,31,32,33,34,0,0,0,0,0,1,1,1,1,2,2,1,2,2,2,3,3,3,3,3,4,4,4,4,4,5,5,5,5,6,5,6,6,6,6,7,7,7,7,7,0,1,2,3,4,5,6,7,8,9,10,11,12,13,14,15,16,17,9,8,14,4,13,12,3,2,7,1,6,11,10,5,16,17,15,0,0,1,2,3,4,5,6,7,8,9,10,11,12,13,14,15,16,17,18,19,20,21,22,21,20,19,18,17,16,15,14,13,12,11,10,0,0,0,0,1,1,1,2,2,2,3,3,4,4,5,5,6,6,7,8,9,10,11,12,13,14,15,16,17,18,19,20,21,22,23,0,0,0,1,2,3,2,1,4,5,6,7,6,5,4,8,9,10,9,8,11,12,13,14,13,12,11,15,16,17,16,15,18,19,20,21,0,0,1,2,3,4,5,6,3,7,8,4,9,10,11,9,12,13,14,15,16,17,12,18,19,20,18,21,22,23,15,24,25,21,26,27,28,26,29,30,0,0,0,0,1,1,2,2,2,3,3,3,2,4,4,5,5,4,6,6,6,7,4,7,7,8,8,9,8,9,10,10,11,9,10,11,12,12
134,0,0,1,1,2,3,0,3,2,4,4,5,5,4,5,6,7,8,8,7,9,9,10,11,11,12,12,3,10,13,13,14,14,6,11,14,9,15,15,16,0,0,0,0,1,1,1,1,2,2,2,3,3,3,4,4,4,5,5,5,6,6,7,7,8,8,9,9,10,10,11,11,12,12,13,13,14,14,15,15,0,1,2,3,4,5,6,7,8,9,10,11,12,13,14,15,16,17,18,19,20,21,22,23,24,25,26,27,28,29,30,31,32,33,34,0,0,0,0,0,1,1,1,1,2,2,2,2,2,3,3,3,3,3,1,4,4,4,4,4,5,5,5,5,6,6,6,6,6,5,7,7,7,7,7,0,1,2,3,4,5,6,7,8,9,10,11,12,13,14,15,16,17,2,3,4,5,6,7,8,9,10,11,12,13,14,15,16,17,10,1,0,1,2,3,4,5,6,7,8,9,10,11,12,13,14,15,16,17,18,19,20,21,22,22,21,20,19,18,16,15,14,13,12,11,10,0,0,0,0,1,1,1,2,2,2,3,3,4,4,5,5,6,6,7,8,9,10,11,12,13,14,15,16,17,18,19,20,21,22,23,0,0,0,1,2,3,1,4,4,5,6,7,1,5,8,9,10,11,4,8,12,13,14,15,8,12,16,17,18,19,12,16,20,21,22,23,0,0,1,2,3,4,5,6,3,7,8,4,9,10,11,9,12,13,14,15,16,17,15,18,19,20,18,21,22,23,24,25,26,24,27,28,29,27,30,31,0,0,0,0,1,1,2,2,2,3,3,2,4,4,4,5,5,6,6,6,7,7,7,6,8,8,9,9,8,10,10,10,11,3,11,11,12,12
135,0,0,1,1,2,3,0,3,2,4,4,5,4,5,4,6,7,8,6,7,9,9,10,11,11,12,10,12,12,13,13,14,14,14,11,8,9,15,15,16,0,0,0,0,1,1,1,1,2,2,2,3,3,3,4,4,4,5,5,5,6,6,7,7,8,8,9,9,10,10,11,11,12,12,13,13,14,14,15,15,0,1,2,3,4,5,6,7,8,9,10,11,12,13,14,15,16,17,18,19,20,21,22,23,24,25,26,27,28,29,30,31,32,33,34,0,0,0,0,0,1,1,1,1,2,2,2,2,2,3,3,3,3,3,1,4,4,4,4,4,5,5,5,5,6,6,6,6,6,5,7,7,7,7,7,0,1,2,3,4,5,6,7,8,9,10,11,12,13,14,15,16,17,5,6,15,16,10,0,7,11,5,12,1,13,17,2,8,3,14,9,0,1,2,3,4,5,6,7,8,9,10,11,12,13,14,15,16,17,18,19,20,21,22,21,20,19,18,17,16,15,14,13,12,11,10,0,0,0,0,1,1,1,2,2,2,3,3,4,4,5,5,6,6,7,8,9,10,11,12,13,14,15,16,17,18,19,20,21,22,23,0,0,0,1,2,3,1,4,4,5,6,7,4,5,8,9,10,11,8,8,12,13,14,15,12,12,16,17,18,19,16,16,20,21,22,23,0,0,1,2,3,4,5,6,3,7,8,4,9,10,11,9,12,13,14,15,16,17,15,18,19,20,18,21,22,23,24,25,26,24,27,28,29,27,30,31,0,0,0,0,1,1,2,2,2,3,3,2,4,4,4,5,5,6,6,6,7,7,7,6,8,8,9,9,8,10,10,10,11,11,11,12,12,13
137,0,0,1,1,2,3,0,3,2,4,4,5,4,5,4,6,7,8,7,6,9,9,10,11,10,11,12,12,8,13,13,14,14,12,6,14,9,15,15,16,0,0,0,0,1,1,1,1,2,2,2,3,3,3,4,4,4,5,5,5,6,6,7,7,8,8,9,9,10,10,11,11,12,12,13,13,14,14,15,15,0,1,2,3,4,5,6,7,8,9,10,11,12,13,14,15,16,17,18,19,20,21,22,23,24,25,26,27,28,29,30,31,32,33,34,0,0,0,0,0,1,1,1,1,2,2,2,2,2,3,3,3,3,3,1,4,4,4,4,4,5,5,5,5,6,6,6,6,6,5,7,7,7,7,7,0,1,2,3,4,5,6,7,8,9,10,11,12,13,14,15,16,17,0,5,10,15,1,6,11,16,2,7,12,17,3,8,13,4,0,9,0,1,2,3,4,5,6,7,8,9,10,11,12,13,14,15,16,17,18,19,20,21,22,22,21,20,19,18,17,16,15,14,12,11,10,0,0,0,0,1,1,1,2,2,2,3,3,4,4,5,5,6,6,7,8,9,10,11,12,13,14,15,16,17,18,19,20,21,22,23,0,0,0,1,2,3,1,4,4,5,6,7,1,5,8,9,10,11,8,8,12,13,14,15,12,12,16,17,18,19,16,16,20,21,22,23,0,0,1,2,3,4,5,6,3,7,8,4,9,10,11,9,12,13,14,15,16,17,15,18,19,20,18,21,22,23,24,25,26,24,27,28,29,27,30,31,0,0,0,0,1,1,2,2,2,3,3,2,4,4,4,5,5,6,6,6,7,7,3,6,8,8,9,9,8,10,10,10,11,11,11,12,12,13
139,0,0,1,1,2,3,3,0,2,4,4,5,4,5,4,6,7,8,8,6,9,7,10,11,11,12,12,10,9,13,13,14,10,14,11,15,15,15,7,16,0,0,0,0,1,1,1,1,2,2,2,3,3,3,4,4,4,5,5,5,6,6,7,7,8,8,9,9,10,10,11,11,12,12,13,13,14,14,15,15,0,1,2,3,4,5,6,7,8,9,10,11,12,13,14,15,16,17,18,19,20,21,22,23,24,25,26,27,28,29,30,31,32,33,34,0,0,0,0,0,1,1,1,1,2,2,1,2,2,2,3,3,3,3,3,4,4,4,4,4,5,5,5,5,6,6,5,6,6,6,7,7,7,7,7,0,1,2,3,4,5,6,7,8,9,10,11,12,13,14,15,16,17,2,3,4,5,6,7,8,9,10,11,12,13,14,15,16,17,10,0,0,1,2,3,4,5,6,7,8,9,10,11,12,13,14,15,16,17,18,19,20,21,22,21,20,19,18,17,16,15,14,13,12,11,10,0,0,0,0,1,1,1,2,2,2,3,3,4,4,5,5,6,6,7,8,9,10,11,12,13,14,15,16,17,18,19,20,21,22,23,0,0,0,1,2,3,1,4,4,5,6,7,4,5,8,9,10,11,1,8,12,13,14,15,8,13,12,16,17,18,9,16,19,20,21,22,0,0,1,2,3,4,5,6,3,7,8,4,9,10,11,9,12,13,14,15,16,17,12,18,19,20,15,21,22,23,24,25,26,24,27,28,29,18,30,31,0,0,0,0,1,1,2,2,2,3,3,2,4,4,4,5,5,6,6,6,7,7,7,6,8,8,9,9,8,10,10,10,11,3,11,11,12,12
140,0,0,1,1,2,3,2,3,4,4,4,5,0,5,6,6,7,8,7,8,9,9,10,11,10,11,12,4,12,13,13,14,12,14,14,15,15,15,9,16,0,0,0,0,1,1,1,1,2,2,2,3,3,3,4,4,4,5,5,5,6,6,7,7,8,8,9,9,10,10,11,11,12,12,13,13,14,14,15,15,0,1,2,3,4,5,6,7,8,9,10,11,12,13,14,15,16,17,18,19,20,21,22,23,24,25,26,27,28,29,30,31,32,33,34,0,0,0,0,0,1,1,1,1,2,2,1,2,2,2,3,3,3,3,3,4,4,4,4,4,5,5,5,5,6,5,6,6,6,6,7,7,7,7,7,0,1,2,3,4,5,6,7,8,9,10,11,12,13,14,15,16,17,16,17,2,3,4,14,8,9,12,13,10,11,15,5,6,7,1,0,0,1,2,3,4,5,6,7,8,9,10,11,12,13,14,15,16,17,18,19,20,21,22,22,21,20,19,18,17,16,15,14,13,12,11,0,0,0,0,1,1,1,2,2,2,3,3,4,4,5,5,6,6,7,8,9,10,11,12,13,14,15,16,17,18,19,20,21,22,23,0,0,0,1,2,3,2,1,4,5,6,7,6,4,8,9,10,11,10,8,12,13,14,15,14,12,16,17,18,19,18,16,20,21,22,23,0,0,1,2,3,4,5,6,3,7,8,4,9,10,11,9,12,13,14,15,16,17,15,18,19,20,18,21,22,23,24,25,26,24,27,28,29,27,30,31,0,0,0,0,1,1,2,2,2,3,3,2,4,4,4,5,5,6,6,6,7,7,6,8,8,8,9,9,10,10,10,11,11,10,12,12,12,13
141,0,0,1,1,2,3,3,2,4,4,4,5,4,5,6,6,7,8,8,7,9,9,10,11,11,12,12,7,10,13,13,14,0,14,14,15,9,15,15,16,0,0,0,0,1,1,1,1,2,2,2,3,3,3,4,4,4,5,5,5,6,6,7,7,8,8,9,9,10,10,11,11,12,12,13,13,14,14,15,15,0,1,2,3,4,5,6,7,8,9,10,11,12,13,14,15,16,17,18,19,20,21,22,23,24,25,26,27,28,29,30,31,32,33,34,0,0,0,0,0,1,1,1,1,2,2,1,2,2,2,3,3,3,3,3,4,4,4,4,4,5,5,5,5,6,5,6,6,6,6,7,7,7,7,7,0,1,2,3,4,5,6,7,8,9,10,11,12,13,14,15,16,17,9,10,11,12,13,14,15,16,17,2,3,4,5,6,7,8,1,0,0,1,2,3,4,5,6,7,8,9,10,11,12,13,14,15,16,17,18,19,20,21,22,22,21,20,19,18,17,16,15,14,13,12,11,0,0,0,0,1,1,1,2,2,2,3,3,4,4,5,5,6,6,7,8,9,10,11,12,13,14,15,16,17,18,19,20,21,22,23,0,0,0,1,2,3,2,1,4,5,6,7,6,5,4,8,9,10,9,8,11,12,13,14,13,12,11,15,16,17,16,15,18,19,20,21,0,0,1,2,3,4,5,6,3,7,8,4,9,10,11,9,12,13,14,15,16,17,15,18,19,20,18,21,22,23,24,25,26,24,27,28,29,27,30,31,0,0,0,0,1,1,2,2,2,3,3,3,2,4,4,5,5,4,6,6,6,7,4,7,7,8,8,9,8,9,10,10,11,10,9,11,12,12
142,0,0,1,1,2,3,0,3,2,4,4,5,4,5,4,6,7,8,8,6,9,9,10,11,7,11,10,3,12,12,13,13,14,14,6,14,9,15,14,15,0,0,0,0,1,1,1,1,2,2,2,3,3,3,4,4,4,5,5,5,6,6,7,7,8,8,9,9,10,10,11,11,12,12,13,13,14,14,15,15,0,1,2,3,4,5,6,7,8,9,10,11,12,13,14,15,16,17,18,19,20,21,22,23,24,25,26,27,28,29,30,31,32,33,34,0,0,0,0,0,1,1,1,1,2,2,1,2,2,2,3,3,3,3,3,4,4,4,4,4,5,5,5,5,6,5,6,6,6,6,7,7,7,7,7,0,1,2,3,4,5,6,7,8,9,10,11,12,13,14,15,16,17,0,10,11,15,16,5,6,1,0,17,7,2,12,8,13,3,9,14,0,1,2,3,4,5,6,7,8,9,10,11,12,13,14,15,16,17,18,19,20,21,22,21,20,19,18,17,16,15,14,13,12,11,10,0,0,0,0,1,1,1,2,2,2,3,3,4,4,5,5,6,6,7,8,9,10,11,12,13,14,15,16,17,18,19,20,21,22,23,0,0,0,1,2,3,2,1,4,5,6,7,4,4,8,9,10,11,8,8,12,13,14,15,12,12,16,17,18,19,16,16,20,21,22,23,0,0,1,2,3,4,5,6,3,7,8,4,9,10,11,9,12,13,14,15,16,17,12,18,19,20,18,21,22,23,15,24,25,21,26,27,28,26,29,30,0,0,0,0,1,1,2,2,2,3,3,3,2,4,4,5,5,4,6,6,6,7,4,7,7,8,8,9,9,9,10,10,11,11,10,11,12,12
143,0,0,1,1,2,3,0,2,3,4,4,5,4,5,4,6,7,8,6,8,9,7,10,11,9,11,10,1,12,12,13,13,14,14,7,14,15,15,14,16,0,0,0,0,1,1,1,1,2,2,2,3,3,3,4,4,4,5,5,5,6,6,7,7,8,8,9,9,10,10,11,11,12,12,13,13,14,14,15,15,0,1,2,3,4,5,6,7,8,9,10,11,12,13,14,15,16,17,18,19,20,21,22,23,24,25,26,27,28,29,30,31,32,33,34,0,0,0,0,0,1,1,1,1,2,2,1,2,2,2,3,3,3,3,3,4,4,4,4,4,5,5,5,5,6,5,6,6,6,6,7,7,7,7,7,0,1,2,3,4,5,6,7,8,9,10,11,12,13,14,15,16,17,0,1,5,14,2,3,4,13,0,6,10,7,8,9,11,12,15,16,0,1,2,3,4,5,6,7,8,9,10,11,12,13,14,15,16,17,18,19,20,21,22,21,20,19,18,17,16,15,14,13,12,11,10,0,0,0,0,1,1,1,2,2,2,3,3,4,4,5,5,6,6,7,8,9,10,11,12,13,14,15,16,17,18,19,20,21,22,23,0,0,0,1,2,3,1,4,4,5,6,7,1,5,8,9,10,11,8,8,12,13,14,15,4,9,12,16,17,18,2,13,19,20,21,22,0,0,1,2,3,4,5,6,3,7,8,4,9,10,11,9,12,13,14,15,16,17,12,18,19,20,15,21,22,23,24,25,26,18,27,28,29,24,30,31,0,0,0,0,1,1,2,2,2,3,3,3,2,4,4,5,5,4,6,6,6,7,4,7,7,8,8,9,8,9,10,10,11,9,10,11,12,12
144,0,0,1,1,2,3,0,3,2,4,4,5,4,5,4,6,7,8,8,6,9,7,10,11,9,11,10,3,12,12,13,13,14,14,6,14,7,15,14,15,0,0,0,0,1,1,1,1,2,2,2,3,3,3,4,4,4,5,5,5,6,6,7,7,8,8,9,9,10,10,11,11,12,12,13,13,14,14,15,15,0,1,2,3,4,5,6,7,8,9,10,11,12,13,14,15,16,17,18,19,20,21,22,23,24,25,26,27,28,29,30,31,32,33,34,0,0,0,0,0,1,1,1,1,2,2,1,2,2,2,3,3,3,3,3,4,4,4,4,4,5,5,5,5,6,5,6,6,6,6,7,7,7,7,7,0,1,2,3,4,5,6,7,8,9,10,11,12,13,14,15,16,17,0,5,10,15,6,4,8,9,0,11,1,2,16,14,3,7,12,17,0,1,2,3,4,5,6,7,8,9,10,11,12,13,14,15,16,17,18,19,20,21,22,21,20,19,18,17,16,15,14,13,12,11,10,0,0,0,0,1,1,1,2,2,2,3,3,4,4,5,5,6,6,7,8,9,10,11,12,13,14,15,16,17,18,19,20,21,22,23,0,0,0,1,2,3,2,1,4,5,6,7,6,5,4,8,9,10,9,8,11,12,13,14,13,12,11,15,16,17,16,15,18,19,20,21,0,0,1,2,3,4,5,6,3,7,8,4,9,10,11,9,12,13,14,15,16,17,12,18,19,20,15,21,22,23,24,25,26,18,27,28,29,24,30,31,0,0,0,0,1,1,2,2,2,3,3,3,2,4,4,5,5,4,6,6,6,7,4,7,7,8,8,9,8,9,10,10,11,11,9,11,12,12
145,0,0,1,1,2,3,0,3,2,4,4,5,4,5,4,6,7,8,8,6,9,9,10,11,7,11,10,1,12,12,13,13,14,14,14,14,9,15,15,16,0,0,0,0,1,1,1,1,2,2,2,3,3,3,4,4,4,5,5,5,6,6,7,7,8,8,9,9,10,10,11,11,12,12,13,13,14,14,15,15,0,1,2,3,4,5,6,7,8,9,10,11,12,13,14,15,16,17,18,19,20,21,22,23,24,25,26,27,28,29,30,31,32,33,34,0,0,0,0,0,1,1,1,1,2,2,1,2,2,2,3,3,3,3,3,4,4,4,4,4,5,5,5,5,6,6,5,6,6,6,7,7,7,7,7,0,1,2,3,4,5,6,7,8,9,10,11,12,13,14,15,16,17,10,15,11,5,0,6,16,17,10,1,2,7,12,8,3,13,14,4,0,1,2,3,4,5,6,7,8,9,10,11,12,13,14,15,16,17,18,19,20,21,22,21,20,19,18,17,16,15,14,13,12,11,10,0,0,0,0,1,1,1,2,2,2,3,3,4,4,5,5,6,6,7,8,9,10,11,12,13,14,15,16,17,18,19,20,21,22,23,0,0,0,1,2,3,2,1,4,5,6,7,4,4,8,9,10,11,8,8,12,13,14,15,12,12,16,17,18,19,16,16,20,21,22,23,0,0,1,2,3,4,5,6,3,7,8,4,9,10,11,9,12,13,14,15,16,17,12,18,19,20,18,21,22,23,15,24,25,21,26,27,28,26,29,30,0,0,0,0,1,1,2,2,2,3,3,3,2,4,4,5,5,4,6,6,6,7,4,7,7,8,8,9,9,9,10,10,11,11,10,11,12,12
148,0,0,1,1,2,3,0,3,2,4,4,5,4,5,4,6,7,8,6,7,9,9,10,11,8,11,10,3,12,12,13,13,14,14,9,14,15,15,14,16,0,0,0,0,1,1,1,1,2,2,2,3,3,3,4,4,4,5,5,5,6,6,7,7,8,8,9,9,10,10,11,11,12,12,13,13,14,14,15,15,0,1,2,3,4,5,6,7,8,9,10,11,12,13,14,15,16,17,18,19,20,21,22,23,24,25,26,27,28,29,30,31,32,33,34,0,0,0,0,0,1,1,1,1,2,2,1,2,2,2,3,3,3,3,3,4,4,4,4,4,5,5,5,5,6,5,6,6,6,6,7,7,7,7,7,0,1,2,3,4,5,6,7,8,9,10,11,12,13,14,15,16,17,1,6,10,11,0,7,16,2,12,17,5,15,8,3,13,14,9,4,0,1,2,3,4,5,6,7,8,9,10,11,12,13,14,15,16,17,18,19,20,21,22,22,21,20,19,18,16,15,14,13,12,11,10,0,0,0,0,1,1,1,2,2,2,3,3,4,4,5,5,6,6,7,8,9,10,11,12,13,14,15,16,17,18,19,20,21,22,23,0,0,0,1,2,3,2,1,4,5,6,7,6,5,4,8,9,10,9,8,11,12,13,14,13,12,11,15,16,17,16,15,18,19,20,21,0,0,1,2,3,4,5,6,3,7,8,4,9,10,11,9,12,13,14,15,16,17,15,18,19,20,18,21,22,23,24,25,26,24,27,28,29,27,30,31,0,0,0,0,1,1,2,2,2,3,3,3,2,4,4,5,5,4,6,6,6,7,4,7,7,8,8,9,8,9,10,10,11,10,9,11,12,12
150,0,0,1,1,2,3,0,2,3,4,4,5,4,5,4,6,7,8,6,7,9,8,10,11,9,11,10,1,12,12,13,13,14,14,14,14,15,15,15,16,0,0,0,0,1,1,1,1,2,2,2,3,3,3,4,4,4,5,5,5,6,6,7,7,8,8,9,9,10,10,11,11,12,12,13,13,14,14,15,15,0,1,2,3,4,5,6,7,8,9,10,11,12,13,14,15,16,17,18,19,20,21,22,23,24,25,26,27,28,29,30,31,32,33,34,0,0,0,0,0,1,1,1,1,2,2,1,2,2,2,3,3,3,3,3,4,4,4,4,4,5,5,5,5,6,5,6,6,6,6,7,7,7,7,7,0,1,2,3,4,5,6,7,8,9,10,11,12,13,14,15,16,17,0,1,2,3,4,5,6,7,0,8,9,10,11,12,13,14,15,16,0,1,2,3,4,5,6,7,8,9,10,11,12,13,14,15,16,17,18,19,20,21,22,21,20,19,18,17,16,15,14,13,12,11,10,0,0,0,0,1,1,1,2,2,2,3,3,4,4,5,5,6,6,7,8,9,10,11,12,13,14,15,16,17,18,19,20,21,22,23,0,0,0,1,2,3,1,4,4,5,6,7,1,5,8,9,10,11,2,8,12,13,14,15,4,9,12,16,17,18,6,13,19,20,21,22,0,0,1,2,3,4,5,6,3,7,8,4,9,10,11,9,12,13,14,15,16,17,12,18,19,20,15,21,22,23,24,25,26,18,27,28,29,24,30,31,0,0,0,0,1,1,2,2,2,3,3,2,4,4,4,5,5,6,6,6,7,7,3,6,8,8,9,9,8,10,10,10,11,7,11,11,12,12
153,0,0,1,1,2,3,2,3,4,4,4,5,5,6,6,7,8,9,9,8,10,10,11,12,7,12,11,6,13,13,14,14,5,15,15,15,15,16,16,17,0,0,0,0,1,1,1,1,2,2,2,3,3,3,4,4,4,5,5,5,6,6,7,7,8,8,9,9,10,10,11,11,12,12,13,13,14,14,15,15,0,1,2,3,4,5,6,7,8,9,10,11,12,13,14,15,16,17,18,19,20,21,22,23,24,25,26,27,28,29,30,31,32,33,34,0,0,0,0,0,1,1,1,1,2,2,2,2,2,3,3,3,3,3,1,4,4,4,4,4,5,5,5,5,6,6,6,6,6,5,7,7,7,7,7,0,1,2,3,4,5,6,7,8,9,10,11,12,13,14,15,16,17,2,7,12,17,1,6,11,16,3,8,13,0,5,10,4,9,15,14,0,1,2,3,4,5,6,7,8,9,10,11,12,13,14,15,16,17,18,19,20,21,22,22,21,20,19,18,17,16,15,14,12,13,10,0,0,0,0,1,1,1,2,2,2,3,3,4,4,5,5,6,6,7,8,9,10,11,12,13,14,15,16,17,18,19,20,21,22,23,0,0,0,1,2,3,1,4,4,5,6,7,5,8,8,9,10,11,9,12,12,13,14,15,13,16,16,17,18,19,17,20,20,21,22,23,0,0,1,2,3,4,5,6,3,7,8,4,9,10,11,9,12,13,14,15,16,17,15,18,19,20,18,21,22,23,24,25,26,24,27,28,29,27,30,31,0,0,0,0,1,1,2,2,2,3,3,2,4,4,4,5,5,6,6,6,7,7,6,8,8,8,9,9,10,10,10,11,11,3,12,12,12,13
